,Year,Month,MonthlyAnomaly,MonthlyUnc,AnnualAnomaly,AnnualUnc,FiveYearsAnomaly,FiveYearsUnc,TenYearsAnomaly,TenYearsUnc,TwentyYearsAnomaly,TwentyYearsUnc,absoluteTemp,absoluteTempUnc
0,1951,1,-0.085,1.761,NaN,NaN,NaN,NaN,NaN,NaN,NaN,NaN,0.54,1.60
1,1951,2,-0.825,1.382,NaN,NaN,NaN,NaN,NaN,NaN,NaN,NaN,0.54,1.60
2,1951,3,0.348,0.886,-0.131,0.536,NaN,NaN,NaN,NaN,NaN,NaN,0.54,1.60
3,1951,4,-0.670,1.549,-0.155,0.483,NaN,NaN,NaN,NaN,NaN,NaN,0.54,1.60
4,1951,5,0.589,0.693,-0.089,0.466,NaN,NaN,NaN,NaN,NaN,NaN,0.54,1.60
5,1951,6,0.144,0.902,-0.033,0.440,NaN,NaN,NaN,NaN,NaN,NaN,0.54,1.60
6,1951,7,0.544,1.159,-0.052,0.393,NaN,NaN,NaN,NaN,NaN,NaN,0.54,1.60
7,1951,8,0.259,0.990,0.013,0.396,NaN,NaN,NaN,NaN,NaN,NaN,0.54,1.60
8,1951,9,0.417,0.849,-0.096,0.391,NaN,NaN,NaN,NaN,NaN,NaN,0.54,1.60
9,1951,10,-0.671,1.712,-0.075,0.423,NaN,NaN,NaN,NaN,NaN,NaN,0.54,1.60
10,1951,11,-0.458,0.993,-0.148,0.428,NaN,NaN,NaN,NaN,NaN,NaN,0.54,1.60
11,1951,12,0.008,1.099,-0.244,0.408,NaN,NaN,NaN,NaN,NaN,NaN,0.54,1.60
12,1952,1,-0.311,1.224,-0.255,0.421,NaN,NaN,NaN,NaN,NaN,NaN,0.54,1.60
13,1952,2,-0.038,0.996,-0.267,0.430,NaN,NaN,NaN,NaN,NaN,NaN,0.54,1.60
14,1952,3,-0.961,0.622,-0.315,0.418,-0.277,0.304,NaN,NaN,NaN,NaN,0.54,1.60
15,1952,4,-0.425,0.640,-0.271,0.470,-0.276,0.302,NaN,NaN,NaN,NaN,0.54,1.60
16,1952,5,-0.281,0.713,-0.301,0.452,-0.269,0.300,NaN,NaN,NaN,NaN,0.54,1.60
17,1952,6,-1.017,0.895,-0.331,0.441,-0.265,0.299,NaN,NaN,NaN,NaN,0.54,1.60
18,1952,7,0.420,1.578,-0.301,0.436,-0.242,0.297,NaN,NaN,NaN,NaN,0.54,1.60
19,1952,8,0.115,1.170,-0.312,0.440,-0.239,0.295,NaN,NaN,NaN,NaN,0.54,1.60
20,1952,9,-0.159,0.631,-0.268,0.410,-0.245,0.292,NaN,NaN,NaN,NaN,0.54,1.60
21,1952,10,-0.144,0.810,-0.269,0.394,-0.231,0.293,NaN,NaN,NaN,NaN,0.54,1.60
22,1952,11,-0.822,1.086,-0.250,0.404,-0.219,0.294,NaN,NaN,NaN,NaN,0.54,1.60
23,1952,12,-0.344,0.994,-0.213,0.396,-0.219,0.291,NaN,NaN,NaN,NaN,0.54,1.60
24,1953,1,0.040,0.977,-0.281,0.395,-0.214,0.286,NaN,NaN,NaN,NaN,0.54,1.60
25,1953,2,-0.161,1.129,-0.292,0.418,-0.203,0.280,NaN,NaN,NaN,NaN,0.54,1.60
26,1953,3,-0.440,1.144,-0.299,0.427,-0.198,0.276,NaN,NaN,NaN,NaN,0.54,1.60
27,1953,4,-0.431,0.892,-0.329,0.488,-0.177,0.279,NaN,NaN,NaN,NaN,0.54,1.60
28,1953,5,-0.058,1.052,-0.289,0.487,-0.155,0.282,NaN,NaN,NaN,NaN,0.54,1.60
29,1953,6,-0.569,1.163,-0.261,0.490,-0.153,0.282,-0.192,0.251,NaN,NaN,0.54,1.60
30,1953,7,-0.393,0.946,-0.312,0.491,-0.158,0.282,-0.186,0.252,NaN,NaN,0.54,1.60
31,1953,8,-0.026,0.618,-0.337,0.494,-0.151,0.289,-0.186,0.249,NaN,NaN,0.54,1.60
32,1953,9,-0.236,0.982,-0.310,0.472,-0.170,0.290,-0.182,0.247,NaN,NaN,0.54,1.60
33,1953,10,-0.510,1.225,-0.306,0.400,-0.148,0.308,-0.185,0.245,NaN,NaN,0.54,1.60
34,1953,11,-0.345,0.976,-0.302,0.397,-0.149,0.316,-0.185,0.243,NaN,NaN,0.54,1.60
35,1953,12,-0.008,1.007,-0.193,0.392,-0.147,0.316,-0.179,0.243,NaN,NaN,0.54,1.60
36,1954,1,-0.564,1.205,-0.152,0.413,-0.156,0.308,-0.184,0.238,NaN,NaN,0.54,1.60
37,1954,2,-0.466,0.984,-0.179,0.393,-0.163,0.308,-0.175,0.236,NaN,NaN,0.54,1.60
38,1954,3,-0.117,0.875,-0.241,0.375,-0.181,0.302,-0.166,0.239,NaN,NaN,0.54,1.60
39,1954,4,-0.385,1.482,-0.204,0.446,-0.171,0.318,-0.164,0.240,NaN,NaN,0.54,1.60
40,1954,5,-0.003,0.810,-0.170,0.439,-0.172,0.320,-0.166,0.241,NaN,NaN,0.54,1.60
41,1954,6,0.736,1.237,-0.190,0.436,-0.174,0.324,-0.167,0.241,NaN,NaN,0.54,1.60
42,1954,7,0.102,0.585,-0.105,0.439,-0.175,0.327,-0.167,0.240,NaN,NaN,0.54,1.60
43,1954,8,-0.349,0.743,-0.107,0.441,-0.177,0.324,-0.171,0.243,NaN,NaN,0.54,1.60
44,1954,9,-0.986,0.820,-0.143,0.483,-0.164,0.330,-0.170,0.237,NaN,NaN,0.54,1.60
45,1954,10,-0.061,0.942,-0.092,0.466,-0.164,0.324,-0.171,0.238,NaN,NaN,0.54,1.60
46,1954,11,0.068,0.908,-0.048,0.463,-0.168,0.317,-0.172,0.236,NaN,NaN,0.54,1.60
47,1954,12,-0.250,0.848,-0.131,0.420,-0.148,0.319,-0.166,0.237,NaN,NaN,0.54,1.60
48,1955,1,0.451,0.827,-0.137,0.386,-0.151,0.315,-0.158,0.236,NaN,NaN,0.54,1.60
49,1955,2,-0.486,1.506,-0.093,0.369,-0.149,0.318,-0.149,0.237,NaN,NaN,0.54,1.60
50,1955,3,-0.558,0.570,-0.002,0.358,-0.152,0.320,-0.160,0.234,NaN,NaN,0.54,1.60
51,1955,4,0.229,1.264,0.076,0.376,-0.139,0.330,-0.161,0.232,NaN,NaN,0.54,1.60
52,1955,5,0.524,1.020,0.075,0.418,-0.128,0.325,-0.168,0.229,NaN,NaN,0.54,1.60
53,1955,6,-0.258,0.534,0.051,0.431,-0.122,0.325,-0.176,0.222,NaN,NaN,0.54,1.60
54,1955,7,0.036,0.656,-0.017,0.452,-0.126,0.323,-0.186,0.214,NaN,NaN,0.54,1.60
55,1955,8,0.179,1.044,-0.013,0.573,-0.128,0.315,-0.182,0.213,NaN,NaN,0.54,1.60
56,1955,9,0.099,0.504,-0.030,0.609,-0.117,0.316,-0.182,0.212,NaN,NaN,0.54,1.60
57,1955,10,0.872,1.243,0.001,0.639,-0.113,0.318,-0.181,0.210,NaN,NaN,0.54,1.60
58,1955,11,0.066,1.631,0.004,0.646,-0.113,0.322,-0.172,0.210,NaN,NaN,0.54,1.60
59,1955,12,-0.544,1.018,0.045,0.676,-0.104,0.323,-0.166,0.207,-0.181,0.152,0.54,1.60
60,1956,1,-0.367,1.048,0.044,0.682,-0.085,0.327,-0.164,0.207,-0.183,0.152,0.54,1.60
61,1956,2,-0.430,1.550,0.016,0.711,-0.089,0.323,-0.148,0.210,-0.183,0.153,0.54,1.60
62,1956,3,-0.770,1.100,-0.046,0.690,-0.080,0.317,-0.147,0.210,-0.178,0.153,0.54,1.60
63,1956,4,0.600,1.190,-0.126,0.655,-0.079,0.316,-0.138,0.211,-0.182,0.152,0.54,1.60
64,1956,5,0.567,1.278,-0.178,0.615,-0.075,0.310,-0.143,0.214,-0.183,0.153,0.54,1.60
65,1956,6,0.227,0.840,-0.138,0.630,-0.073,0.312,-0.142,0.212,-0.182,0.152,0.54,1.60
66,1956,7,0.033,0.506,-0.137,0.636,-0.068,0.302,-0.144,0.213,-0.180,0.153,0.54,1.60
67,1956,8,-0.164,1.284,-0.117,0.560,-0.055,0.294,-0.145,0.215,-0.180,0.151,0.54,1.60
68,1956,9,-0.647,0.702,-0.068,0.548,-0.038,0.299,-0.148,0.222,-0.180,0.153,0.54,1.60
69,1956,10,-0.083,0.827,-0.153,0.472,-0.034,0.308,-0.141,0.221,-0.181,0.152,0.54,1.60
70,1956,11,-0.554,0.992,-0.246,0.445,-0.042,0.317,-0.135,0.221,-0.182,0.152,0.54,1.60
71,1956,12,-0.068,1.209,-0.246,0.601,-0.061,0.317,-0.136,0.217,-0.179,0.153,0.54,1.60
72,1957,1,-0.358,1.184,-0.230,0.572,-0.070,0.316,-0.133,0.214,-0.179,0.152,0.54,1.60
73,1957,2,-0.184,0.833,-0.197,0.729,-0.076,0.331,-0.131,0.214,-0.180,0.152,0.54,1.60
74,1957,3,-0.182,0.751,-0.173,0.724,-0.063,0.326,-0.120,0.213,-0.179,0.152,0.54,1.60
75,1957,4,-0.427,1.787,-0.113,0.823,-0.067,0.339,-0.121,0.213,-0.179,0.152,0.54,1.60
76,1957,5,-0.547,1.175,-0.081,0.772,-0.076,0.334,-0.120,0.206,-0.179,0.153,0.54,1.60
77,1957,6,0.232,2.936,-0.073,0.729,-0.066,0.334,-0.117,0.208,-0.181,0.152,0.54,1.60
78,1957,7,0.223,0.689,-0.057,0.706,-0.073,0.336,-0.128,0.207,-0.183,0.154,0.54,1.60
79,1957,8,0.233,1.369,-0.068,0.689,-0.058,0.353,-0.138,0.205,-0.183,0.151,0.54,1.60
80,1957,9,-0.357,0.654,-0.035,0.756,-0.075,0.351,-0.138,0.206,-0.185,0.152,0.54,1.60
81,1957,10,0.638,1.160,-0.011,0.675,-0.091,0.354,-0.134,0.205,-0.188,0.151,0.54,1.60
82,1957,11,-0.175,0.861,0.029,0.700,-0.117,0.351,-0.129,0.206,-0.188,0.152,0.54,1.60
83,1957,12,0.029,1.151,0.006,0.524,-0.132,0.337,-0.125,0.204,-0.187,0.152,0.54,1.60
84,1958,1,-0.167,1.739,0.047,0.587,-0.158,0.317,-0.124,0.204,-0.190,0.152,0.54,1.60
85,1958,2,-0.312,1.115,0.006,0.472,-0.162,0.306,-0.121,0.203,-0.189,0.150,0.54,1.60
86,1958,3,0.213,0.737,0.061,0.420,-0.166,0.304,-0.118,0.201,-0.182,0.150,0.54,1.60
87,1958,4,-0.144,0.737,-0.028,0.397,-0.185,0.306,-0.114,0.199,-0.181,0.151,0.54,1.60
88,1958,5,-0.064,1.512,-0.023,0.382,-0.189,0.298,-0.114,0.199,-0.177,0.151,0.54,1.60
89,1958,6,-0.043,0.563,-0.015,0.340,-0.180,0.291,-0.109,0.197,-0.174,0.149,0.54,1.60
90,1958,7,0.719,0.787,-0.026,0.307,-0.170,0.284,-0.105,0.196,-0.174,0.148,0.54,1.60
91,1958,8,-0.260,0.806,0.031,0.327,-0.146,0.280,-0.111,0.202,-0.170,0.146,0.54,1.60
92,1958,9,0.301,0.991,0.085,0.327,-0.125,0.286,-0.115,0.209,-0.170,0.146,0.54,1.60
93,1958,10,-0.435,0.516,0.086,0.351,-0.128,0.285,-0.121,0.210,-0.169,0.146,0.54,1.60
94,1958,11,-0.118,0.928,0.053,0.334,-0.137,0.296,-0.117,0.209,-0.169,0.146,0.54,1.60
95,1958,12,0.127,0.909,0.022,0.365,-0.137,0.306,-0.120,0.208,-0.168,0.145,0.54,1.60
96,1959,1,-0.294,1.229,-0.076,0.351,-0.132,0.309,-0.118,0.209,-0.169,0.146,0.54,1.60
97,1959,2,0.365,1.165,-0.111,0.536,-0.127,0.327,-0.111,0.208,-0.169,0.147,0.54,1.60
98,1959,3,0.865,1.315,-0.157,0.508,-0.114,0.331,-0.114,0.205,-0.168,0.146,0.54,1.60
99,1959,4,-0.137,1.179,-0.142,0.555,-0.111,0.340,-0.117,0.204,-0.167,0.146,0.54,1.60
100,1959,5,-0.451,1.350,-0.174,0.550,-0.098,0.336,-0.125,0.203,-0.165,0.146,0.54,1.60
101,1959,6,-0.425,0.962,-0.153,0.552,-0.098,0.321,-0.136,0.206,-0.164,0.146,0.54,1.60
102,1959,7,-0.453,0.464,-0.128,0.576,-0.092,0.303,-0.138,0.209,-0.161,0.145,0.54,1.60
103,1959,8,-0.682,2.612,-0.123,0.605,-0.085,0.299,-0.135,0.212,-0.163,0.145,0.54,1.60
104,1959,9,-0.247,1.462,-0.327,0.541,-0.077,0.302,-0.131,0.210,-0.159,0.146,0.54,1.60
105,1959,10,-0.253,0.997,-0.376,0.493,-0.078,0.290,-0.129,0.208,-0.158,0.146,0.54,1.60
106,1959,11,-0.505,0.821,-0.426,0.474,-0.072,0.272,-0.129,0.211,-0.157,0.145,0.54,1.60
107,1959,12,0.374,0.996,-0.488,0.490,-0.086,0.262,-0.127,0.212,-0.155,0.145,0.54,1.60
108,1960,1,0.013,1.002,-0.578,0.574,-0.105,0.266,-0.129,0.213,-0.152,0.144,0.54,1.60
109,1960,2,0.424,1.027,-0.525,0.598,-0.127,0.256,-0.125,0.223,-0.151,0.143,0.54,1.60
110,1960,3,-1.584,1.067,-0.516,0.582,-0.124,0.255,-0.121,0.226,-0.149,0.142,0.54,1.60
111,1960,4,-0.721,1.038,-0.514,0.632,-0.129,0.254,-0.130,0.226,-0.145,0.141,0.54,1.60
112,1960,5,-1.048,1.116,-0.489,0.608,-0.130,0.256,-0.131,0.232,-0.144,0.140,0.54,1.60
113,1960,6,-1.170,1.857,-0.520,0.650,-0.127,0.252,-0.137,0.231,-0.142,0.140,0.54,1.60
114,1960,7,-1.532,1.943,-0.501,0.655,-0.122,0.252,-0.143,0.220,-0.140,0.140,0.54,1.60
115,1960,8,-0.051,0.990,-0.453,0.635,-0.114,0.251,-0.139,0.214,-0.137,0.140,0.54,1.60
116,1960,9,-0.140,0.972,-0.280,0.587,-0.119,0.248,-0.143,0.210,-0.136,0.140,0.54,1.60
117,1960,10,-0.232,1.068,-0.186,0.591,-0.115,0.245,-0.150,0.210,-0.135,0.139,0.54,1.60
118,1960,11,-0.203,1.010,-0.093,0.626,-0.115,0.241,-0.157,0.202,-0.130,0.138,0.54,1.60
119,1960,12,-0.001,1.119,0.020,0.516,-0.115,0.244,-0.153,0.200,-0.128,0.139,0.54,1.60
120,1961,1,0.246,0.946,0.177,0.537,-0.124,0.245,-0.153,0.199,-0.126,0.138,0.54,1.60
121,1961,2,0.998,0.971,0.190,0.551,-0.133,0.252,-0.148,0.196,-0.122,0.139,0.54,1.60
122,1961,3,0.495,0.877,0.213,0.689,-0.150,0.266,-0.135,0.199,-0.125,0.139,0.54,1.60
123,1961,4,0.401,2.152,0.243,0.667,-0.163,0.272,-0.148,0.198,-0.124,0.138,0.54,1.60
124,1961,5,0.067,1.954,0.280,0.663,-0.159,0.272,-0.157,0.203,-0.126,0.138,0.54,1.60
125,1961,6,0.195,1.349,0.273,0.681,-0.167,0.273,-0.162,0.203,-0.129,0.139,0.54,1.60
126,1961,7,0.345,1.022,0.253,0.691,-0.168,0.276,-0.159,0.205,-0.130,0.140,0.54,1.60
127,1961,8,0.112,0.821,0.189,0.679,-0.168,0.273,-0.161,0.208,-0.129,0.141,0.54,1.60
128,1961,9,0.128,2.228,0.173,0.592,-0.190,0.270,-0.156,0.208,-0.128,0.141,0.54,1.60
129,1961,10,0.136,0.841,0.095,0.479,-0.200,0.258,-0.160,0.210,-0.124,0.140,0.54,1.60
130,1961,11,0.236,0.865,0.076,0.297,-0.207,0.253,-0.160,0.208,-0.123,0.140,0.54,1.60
131,1961,12,-0.088,1.435,0.012,0.350,-0.211,0.260,-0.160,0.208,-0.122,0.141,0.54,1.60
132,1962,1,0.012,1.736,-0.095,0.336,-0.205,0.260,-0.160,0.207,-0.122,0.143,0.54,1.60
133,1962,2,0.231,0.817,-0.196,0.326,-0.194,0.262,-0.163,0.205,-0.124,0.144,0.54,1.60
134,1962,3,0.298,0.680,-0.222,0.386,-0.199,0.251,-0.157,0.208,-0.118,0.144,0.54,1.60
135,1962,4,-0.526,0.679,-0.205,0.421,-0.191,0.242,-0.152,0.201,-0.114,0.144,0.54,1.60
136,1962,5,-0.165,2.186,-0.245,0.418,-0.181,0.240,-0.151,0.196,-0.117,0.144,0.54,1.60
137,1962,6,-0.576,1.190,-0.221,0.420,-0.189,0.240,-0.161,0.184,-0.112,0.142,0.54,1.60
138,1962,7,-0.939,0.667,-0.207,0.433,-0.186,0.240,-0.169,0.189,-0.114,0.145,0.54,1.60
139,1962,8,-1.098,1.126,-0.212,0.436,-0.192,0.240,-0.174,0.181,-0.110,0.148,0.54,1.60
140,1962,9,-0.179,0.901,-0.246,0.475,-0.168,0.237,-0.174,0.181,-0.108,0.148,0.54,1.60
141,1962,10,0.338,1.159,-0.196,0.500,-0.170,0.234,-0.182,0.180,-0.111,0.150,0.54,1.60
142,1962,11,-0.243,0.917,-0.185,0.438,-0.146,0.234,-0.179,0.181,-0.108,0.150,0.54,1.60
143,1962,12,0.199,1.148,-0.139,0.476,-0.142,0.234,-0.180,0.181,-0.108,0.149,0.54,1.60
144,1963,1,0.177,0.825,-0.047,0.508,-0.127,0.231,-0.183,0.183,-0.106,0.149,0.54,1.60
145,1963,2,0.176,0.810,-0.024,0.338,-0.116,0.226,-0.179,0.184,-0.104,0.149,0.54,1.60
146,1963,3,-0.109,1.157,-0.069,0.393,-0.120,0.221,-0.172,0.182,-0.103,0.147,0.54,1.60
147,1963,4,0.067,0.561,-0.196,0.485,-0.115,0.218,-0.169,0.184,-0.100,0.146,0.54,1.60
148,1963,5,-0.034,1.198,-0.165,0.478,-0.125,0.215,-0.160,0.180,-0.098,0.148,0.54,1.60
149,1963,6,-0.025,0.539,-0.214,0.489,-0.127,0.217,-0.155,0.178,-0.091,0.146,0.54,1.60
150,1963,7,0.164,0.684,-0.256,0.503,-0.136,0.218,-0.163,0.177,-0.093,0.144,0.54,1.60
151,1963,8,-0.816,3.276,-0.239,0.503,-0.151,0.218,-0.155,0.178,-0.094,0.144,0.54,1.60
152,1963,9,-0.722,2.582,-0.271,0.547,-0.146,0.219,-0.159,0.181,-0.088,0.145,0.54,1.60
153,1963,10,-1.185,1.160,-0.337,0.484,-0.167,0.223,-0.153,0.182,-0.084,0.145,0.54,1.60
154,1963,11,0.132,0.950,-0.409,0.480,-0.177,0.227,-0.154,0.182,-0.082,0.145,0.54,1.60
155,1963,12,-0.390,0.838,-0.460,0.566,-0.188,0.221,-0.158,0.183,-0.083,0.145,0.54,1.60
156,1964,1,-0.327,1.097,-0.481,0.584,-0.187,0.222,-0.155,0.186,-0.081,0.144,0.54,1.60
157,1964,2,0.370,0.906,-0.418,0.435,-0.194,0.226,-0.162,0.187,-0.081,0.145,0.54,1.60
158,1964,3,-0.490,0.548,-0.403,0.336,-0.197,0.233,-0.170,0.185,-0.081,0.144,0.54,1.60
159,1964,4,-0.717,1.199,-0.285,0.482,-0.210,0.230,-0.170,0.183,-0.078,0.147,0.54,1.60
160,1964,5,-0.904,0.908,-0.289,0.490,-0.222,0.230,-0.164,0.183,-0.081,0.147,0.54,1.60
161,1964,6,-0.640,1.338,-0.262,0.502,-0.222,0.238,-0.161,0.183,-0.081,0.149,0.54,1.60
162,1964,7,-0.082,1.283,-0.218,0.495,-0.228,0.246,-0.155,0.185,-0.081,0.149,0.54,1.60
163,1964,8,-0.060,0.983,-0.245,0.542,-0.241,0.245,-0.155,0.184,-0.074,0.150,0.54,1.60
164,1964,9,-0.547,1.811,-0.215,0.555,-0.237,0.244,-0.148,0.190,-0.073,0.151,0.54,1.60
165,1964,10,0.238,2.186,-0.224,0.500,-0.226,0.252,-0.145,0.189,-0.069,0.154,0.54,1.60
166,1964,11,0.088,1.073,-0.117,0.530,-0.231,0.240,-0.142,0.189,-0.068,0.155,0.54,1.60
167,1964,12,-0.070,0.983,-0.143,0.582,-0.236,0.234,-0.145,0.189,-0.066,0.155,0.54,1.60
168,1965,1,0.201,0.982,-0.187,0.523,-0.233,0.235,-0.147,0.188,-0.065,0.156,0.54,1.60
169,1965,2,0.040,1.401,-0.130,0.622,-0.220,0.230,-0.153,0.188,-0.063,0.157,0.54,1.60
170,1965,3,-0.129,0.701,-0.120,0.559,-0.223,0.230,-0.137,0.185,-0.061,0.157,0.54,1.60
171,1965,4,-0.825,0.667,-0.133,0.473,-0.235,0.231,-0.130,0.182,-0.062,0.159,0.54,1.60
172,1965,5,0.383,1.199,-0.208,0.485,-0.227,0.235,-0.120,0.180,-0.060,0.160,0.54,1.60
173,1965,6,-0.957,1.059,-0.210,0.498,-0.233,0.239,-0.109,0.183,-0.057,0.161,0.54,1.60
174,1965,7,-0.604,1.668,-0.255,0.486,-0.243,0.239,-0.095,0.183,-0.059,0.159,0.54,1.60
175,1965,8,0.619,1.181,-0.247,0.493,-0.245,0.234,-0.092,0.187,-0.061,0.159,0.54,1.60
176,1965,9,-0.424,1.153,-0.170,0.500,-0.225,0.236,-0.089,0.186,-0.060,0.159,0.54,1.60
177,1965,10,0.081,0.934,-0.174,0.485,-0.223,0.242,-0.089,0.183,-0.062,0.164,0.54,1.60
178,1965,11,-0.815,1.148,-0.249,0.432,-0.205,0.243,-0.088,0.182,-0.059,0.163,0.54,1.60
179,1965,12,-0.095,0.986,-0.207,0.444,-0.196,0.236,-0.089,0.183,-0.057,0.163,0.54,1.60
180,1966,1,-0.332,0.824,-0.125,0.366,-0.202,0.233,-0.088,0.185,-0.054,0.164,0.54,1.60
181,1966,2,0.134,0.980,-0.203,0.367,-0.176,0.236,-0.095,0.186,-0.051,0.165,0.54,1.60
182,1966,3,0.800,0.622,-0.171,0.404,-0.167,0.254,-0.103,0.189,-0.050,0.167,0.54,1.60
183,1966,4,-0.878,0.948,-0.232,0.432,-0.144,0.266,-0.110,0.197,-0.054,0.169,0.54,1.60
184,1966,5,-0.516,1.981,-0.206,0.418,-0.149,0.269,-0.109,0.206,-0.063,0.170,0.54,1.60
185,1966,6,-0.452,0.916,-0.204,0.412,-0.149,0.272,-0.116,0.199,-0.065,0.173,0.54,1.60
186,1966,7,0.373,2.048,-0.203,0.414,-0.142,0.272,-0.117,0.204,-0.065,0.173,0.54,1.60
187,1966,8,-0.309,1.775,-0.260,0.400,-0.157,0.276,-0.113,0.207,-0.071,0.174,0.54,1.60
188,1966,9,-0.047,1.520,-0.285,0.408,-0.150,0.277,-0.108,0.217,-0.071,0.174,0.54,1.60
189,1966,10,-0.643,0.506,-0.200,0.411,-0.141,0.268,-0.108,0.217,-0.069,0.176,0.54,1.60
190,1966,11,-0.503,0.913,-0.193,0.366,-0.121,0.279,-0.112,0.219,-0.067,0.176,0.54,1.60
191,1966,12,-0.070,1.060,-0.231,0.415,-0.112,0.290,-0.109,0.222,-0.064,0.177,0.54,1.60
192,1967,1,-0.320,1.067,-0.326,0.431,-0.104,0.294,-0.112,0.228,-0.060,0.178,0.54,1.60
193,1967,2,-0.555,0.892,-0.326,0.439,-0.115,0.317,-0.117,0.230,-0.058,0.178,0.54,1.60
194,1967,3,0.501,0.609,-0.352,0.418,-0.097,0.317,-0.117,0.229,-0.059,0.180,0.54,1.60
195,1967,4,0.141,0.966,-0.329,0.425,-0.099,0.295,-0.107,0.233,-0.055,0.177,0.54,1.60
196,1967,5,-0.429,0.986,-0.266,0.443,-0.103,0.294,-0.114,0.224,-0.051,0.176,0.54,1.60
197,1967,6,-0.916,1.260,-0.276,0.454,-0.101,0.293,-0.107,0.226,-0.048,0.171,0.54,1.60
198,1967,7,-0.759,2.493,-0.286,0.429,-0.108,0.292,-0.101,0.227,-0.049,0.171,0.54,1.60
199,1967,8,-0.312,1.726,-0.233,0.394,-0.113,0.292,-0.081,0.226,-0.048,0.165,0.54,1.60
200,1967,9,-0.354,1.159,-0.184,0.418,-0.107,0.283,-0.078,0.225,-0.046,0.166,0.54,1.60
201,1967,10,-0.373,0.531,-0.179,0.511,-0.090,0.279,-0.089,0.223,-0.049,0.166,0.54,1.60
202,1967,11,0.250,1.360,-0.058,0.399,-0.094,0.278,-0.088,0.223,-0.049,0.165,0.54,1.60
203,1967,12,-0.186,1.042,0.063,0.323,-0.076,0.288,-0.091,0.226,-0.049,0.166,0.54,1.60
204,1968,1,-0.442,0.856,0.109,0.395,-0.063,0.282,-0.089,0.227,-0.050,0.169,0.54,1.60
205,1968,2,0.081,1.307,0.196,0.439,-0.068,0.286,-0.087,0.227,-0.048,0.171,0.54,1.60
206,1968,3,1.092,0.657,0.211,0.549,-0.058,0.280,-0.087,0.223,-0.047,0.167,0.54,1.60
207,1968,4,0.199,1.126,0.258,0.586,-0.063,0.269,-0.087,0.223,-0.046,0.167,0.54,1.60
208,1968,5,1.029,1.367,0.225,0.593,-0.051,0.268,-0.082,0.220,-0.041,0.169,0.54,1.60
209,1968,6,0.530,2.022,0.208,0.625,-0.052,0.267,-0.073,0.222,-0.039,0.170,0.54,1.60
210,1968,7,-0.205,0.785,0.249,0.633,-0.039,0.269,-0.081,0.220,-0.040,0.169,0.54,1.60
211,1968,8,0.736,2.192,0.199,0.622,-0.040,0.272,-0.077,0.229,-0.040,0.176,0.54,1.60
212,1968,9,-0.173,0.944,0.104,0.668,-0.060,0.272,-0.062,0.240,-0.039,0.179,0.54,1.60
213,1968,10,0.180,0.745,0.075,0.703,-0.053,0.276,-0.047,0.247,-0.037,0.182,0.54,1.60
214,1968,11,-0.140,0.906,0.013,0.753,-0.042,0.292,-0.046,0.247,-0.033,0.180,0.54,1.60
215,1968,12,-0.386,1.207,-0.039,0.630,-0.045,0.285,-0.046,0.248,-0.032,0.179,0.54,1.60
216,1969,1,0.046,1.154,0.007,0.704,-0.046,0.304,-0.043,0.247,-0.030,0.179,0.54,1.60
217,1969,2,-0.521,0.951,-0.112,0.683,-0.031,0.296,-0.050,0.250,-0.032,0.177,0.54,1.60
218,1969,3,-0.041,0.831,-0.053,0.734,-0.020,0.309,-0.048,0.250,-0.032,0.183,0.54,1.60
219,1969,4,-0.158,0.738,-0.059,0.698,-0.005,0.312,-0.040,0.249,-0.026,0.185,0.54,1.60
220,1969,5,0.295,2.008,-0.059,0.680,-0.001,0.313,-0.038,0.248,-0.021,0.189,0.54,1.60
221,1969,6,-0.102,1.091,-0.022,0.651,0.004,0.311,-0.027,0.253,-0.016,0.188,0.54,1.60
222,1969,7,0.352,1.579,-0.047,0.655,0.005,0.313,-0.024,0.253,-0.014,0.186,0.54,1.60
223,1969,8,-0.698,1.741,-0.025,0.673,0.007,0.315,-0.014,0.258,-0.007,0.185,0.54,1.60
224,1969,9,0.533,1.614,-0.002,0.591,0.004,0.318,-0.015,0.253,-0.001,0.189,0.54,1.60
225,1969,10,0.116,0.781,0.027,0.564,0.012,0.317,-0.009,0.250,0.002,0.186,0.54,1.60
226,1969,11,-0.146,0.809,0.016,0.449,0.003,0.325,-0.007,0.252,0.006,0.183,0.54,1.60
227,1969,12,0.062,0.830,0.034,0.549,0.021,0.339,-0.005,0.253,0.008,0.183,0.54,1.60
228,1970,1,-0.255,0.946,0.022,0.471,0.031,0.355,-0.001,0.252,0.010,0.183,0.54,1.60
229,1970,2,-0.261,1.092,0.103,0.490,0.058,0.351,-0.000,0.254,0.014,0.187,0.54,1.60
230,1970,3,0.243,0.970,0.073,0.433,0.067,0.362,-0.000,0.252,0.023,0.186,0.54,1.60
231,1970,4,0.182,0.768,0.048,0.440,0.058,0.367,0.007,0.254,0.036,0.186,0.54,1.60
232,1970,5,0.170,1.090,0.052,0.428,0.052,0.370,0.010,0.257,0.042,0.189,0.54,1.60
233,1970,6,0.105,1.802,0.035,0.408,0.051,0.370,0.024,0.256,0.052,0.193,0.54,1.60
234,1970,7,0.218,0.493,0.093,0.400,0.066,0.369,0.025,0.255,0.065,0.191,0.54,1.60
235,1970,8,0.271,1.392,0.119,0.393,0.071,0.367,0.018,0.258,0.067,0.190,0.54,1.60
236,1970,9,0.168,0.497,0.068,0.398,0.050,0.369,0.023,0.260,0.071,0.191,0.54,1.60
237,1970,10,-0.177,0.905,0.013,0.409,0.049,0.376,0.027,0.267,0.073,0.193,0.54,1.60
238,1970,11,-0.101,0.855,0.013,0.430,0.040,0.365,0.038,0.268,0.082,0.192,0.54,1.60
239,1970,12,-0.150,0.906,-0.049,0.418,0.050,0.352,0.038,0.269,0.083,0.194,0.54,1.60
240,1971,1,0.442,0.987,-0.045,0.436,0.039,0.349,0.046,0.270,0.085,0.193,0.54,1.60
241,1971,2,0.060,1.095,-0.017,0.474,0.022,0.339,0.046,0.270,0.084,0.194,0.54,1.60
242,1971,3,-0.370,0.965,0.021,0.487,0.044,0.339,0.036,0.271,0.091,0.197,0.54,1.60
243,1971,4,-0.475,1.078,0.056,0.500,0.050,0.342,0.040,0.272,0.088,0.199,0.54,1.60
244,1971,5,0.162,1.067,0.044,0.504,0.056,0.341,0.031,0.274,0.090,0.206,0.54,1.60
245,1971,6,-0.635,1.249,0.076,0.512,0.057,0.340,0.032,0.277,0.095,0.210,0.54,1.60
246,1971,7,0.265,1.261,0.014,0.520,0.056,0.340,0.029,0.281,0.098,0.207,0.54,1.60
247,1971,8,0.614,1.145,-0.026,0.513,0.057,0.343,0.019,0.277,0.106,0.206,0.54,1.60
248,1971,9,0.620,1.101,0.034,0.517,0.054,0.342,0.014,0.283,0.108,0.207,0.54,1.60
249,1971,10,0.241,1.011,0.125,0.536,0.061,0.345,0.021,0.283,0.108,0.208,0.54,1.60
250,1971,11,-0.246,0.967,0.029,0.514,0.045,0.343,0.027,0.281,0.112,0.209,0.54,1.60
251,1971,12,0.234,1.089,0.098,0.558,0.058,0.345,0.033,0.279,0.114,0.211,0.54,1.60
252,1972,1,-0.295,1.368,0.062,0.517,0.057,0.348,0.039,0.279,0.113,0.213,0.54,1.60
253,1972,2,-0.430,0.988,0.118,0.524,0.087,0.355,0.046,0.280,0.115,0.214,0.54,1.60
254,1972,3,0.351,1.124,0.081,0.527,0.066,0.352,0.039,0.280,0.113,0.214,0.54,1.60
255,1972,4,0.617,1.062,-0.015,0.516,0.080,0.359,0.042,0.281,0.116,0.221,0.54,1.60
256,1972,5,-0.981,1.067,-0.004,0.528,0.090,0.361,0.049,0.282,0.117,0.220,0.54,1.60
257,1972,6,0.193,1.339,-0.043,0.515,0.090,0.363,0.064,0.284,0.117,0.217,0.54,1.60
258,1972,7,-0.167,1.262,0.021,0.506,0.106,0.362,0.072,0.285,0.121,0.218,0.54,1.60
259,1972,8,1.275,1.255,0.090,0.507,0.113,0.362,0.078,0.276,0.122,0.216,0.54,1.60
260,1972,9,0.181,1.003,0.046,0.491,0.107,0.360,0.082,0.283,0.122,0.219,0.54,1.60
261,1972,10,-0.909,1.191,0.005,0.485,0.103,0.361,0.084,0.284,0.120,0.215,0.54,1.60
262,1972,11,-0.115,1.088,0.128,0.486,0.115,0.362,0.081,0.282,0.123,0.215,0.54,1.60
263,1972,12,-0.239,0.993,0.205,0.489,0.124,0.364,0.082,0.281,0.124,0.218,0.54,1.60
264,1973,1,0.481,0.991,0.149,0.487,0.113,0.364,0.083,0.281,0.127,0.219,0.54,1.60
265,1973,2,0.397,1.001,0.016,0.496,0.104,0.371,0.083,0.281,0.131,0.220,0.54,1.60
266,1973,3,-0.180,1.016,0.098,0.494,0.105,0.375,0.077,0.277,0.133,0.219,0.54,1.60
267,1973,4,0.129,0.998,0.218,0.516,0.116,0.389,0.078,0.279,0.134,0.217,0.54,1.60
268,1973,5,0.496,1.038,0.249,0.496,0.128,0.393,0.078,0.283,0.133,0.208,0.54,1.60
269,1973,6,1.114,1.237,0.240,0.499,0.129,0.395,0.077,0.280,0.133,0.204,0.54,1.60
270,1973,7,-0.837,1.092,0.198,0.496,0.130,0.395,0.083,0.278,0.131,0.206,0.54,1.60
271,1973,8,-0.323,1.306,0.128,0.497,0.133,0.392,0.075,0.285,0.135,0.201,0.54,1.60
272,1973,9,1.164,1.125,0.122,0.506,0.131,0.391,0.080,0.289,0.137,0.196,0.54,1.60
273,1973,10,0.530,1.118,0.136,0.521,0.133,0.395,0.079,0.294,0.140,0.196,0.54,1.60
274,1973,11,0.260,1.127,0.040,0.553,0.103,0.389,0.088,0.291,0.138,0.196,0.54,1.60
275,1973,12,-0.357,1.021,0.004,0.536,0.108,0.404,0.094,0.290,0.140,0.196,0.54,1.60
276,1974,1,-0.013,1.029,0.096,0.581,0.104,0.400,0.096,0.288,0.146,0.195,0.54,1.60
277,1974,2,-0.444,1.009,0.216,0.582,0.070,0.392,0.098,0.288,0.143,0.196,0.54,1.60
278,1974,3,-0.258,0.984,0.059,0.550,0.048,0.394,0.107,0.300,0.145,0.193,0.54,1.60
279,1974,4,0.294,1.003,0.094,0.556,0.048,0.391,0.118,0.305,0.148,0.190,0.54,1.60
280,1974,5,-0.647,1.241,0.107,0.575,0.055,0.387,0.122,0.315,0.154,0.188,0.54,1.60
281,1974,6,0.674,1.078,0.146,0.572,0.062,0.387,0.129,0.311,0.154,0.186,0.54,1.60
282,1974,7,0.268,1.246,0.205,0.572,0.074,0.385,0.126,0.309,0.154,0.186,0.54,1.60
283,1974,8,1.119,1.145,0.254,0.575,0.086,0.386,0.140,0.315,0.157,0.184,0.54,1.60
284,1974,9,-0.716,1.070,0.266,0.564,0.073,0.379,0.147,0.321,0.161,0.180,0.54,1.60
285,1974,10,0.944,1.213,0.238,0.552,0.073,0.379,0.149,0.314,0.157,0.179,0.54,1.60
286,1974,11,0.420,1.020,0.363,0.566,0.095,0.378,0.155,0.309,0.156,0.179,0.54,1.60
287,1974,12,0.108,1.021,0.364,0.562,0.107,0.372,0.162,0.312,0.158,0.180,0.54,1.60
288,1975,1,0.695,1.155,0.303,0.533,0.113,0.369,0.167,0.309,0.159,0.180,0.54,1.60
289,1975,2,0.143,1.072,0.185,0.534,0.098,0.349,0.181,0.314,0.155,0.179,0.54,1.60
290,1975,3,-0.111,0.975,0.264,0.564,0.098,0.355,0.184,0.311,0.158,0.176,0.54,1.60
291,1975,4,-0.038,0.959,0.228,0.597,0.110,0.359,0.202,0.312,0.165,0.176,0.54,1.60
292,1975,5,0.843,1.202,0.242,0.598,0.111,0.351,0.204,0.316,0.163,0.172,0.54,1.60
293,1975,6,0.688,1.063,0.226,0.602,0.112,0.349,0.214,0.325,0.169,0.171,0.54,1.60
294,1975,7,-0.461,1.003,0.212,0.615,0.100,0.348,0.225,0.322,0.169,0.174,0.54,1.60
295,1975,8,-0.290,1.186,0.219,0.598,0.094,0.349,0.225,0.318,0.171,0.176,0.54,1.60
296,1975,9,0.227,0.832,0.185,0.612,0.105,0.341,0.231,0.320,0.173,0.175,0.54,1.60
297,1975,10,0.513,1.694,0.160,0.622,0.106,0.341,0.236,0.323,0.174,0.177,0.54,1.60
298,1975,11,0.590,1.024,-0.046,0.565,0.117,0.356,0.251,0.322,0.175,0.177,0.54,1.60
299,1975,12,-0.090,0.804,-0.131,0.592,0.104,0.353,0.256,0.324,0.173,0.178,0.54,1.60
300,1976,1,0.535,0.840,-0.089,0.609,0.127,0.354,0.257,0.318,0.174,0.179,0.54,1.60
301,1976,2,0.219,0.830,-0.187,0.550,0.127,0.371,0.264,0.317,0.180,0.180,0.54,1.60
302,1976,3,-0.510,1.016,-0.263,0.547,0.115,0.375,0.284,0.319,0.181,0.181,0.54,1.60
303,1976,4,-0.339,1.026,-0.285,0.478,0.108,0.379,0.287,0.322,0.187,0.181,0.54,1.60
304,1976,5,-1.629,1.042,-0.321,0.444,0.119,0.375,0.289,0.329,0.195,0.185,0.54,1.60
305,1976,6,-0.331,1.326,-0.260,0.449,0.132,0.373,0.307,0.345,0.194,0.182,0.54,1.60
306,1976,7,0.042,1.110,-0.267,0.448,0.136,0.369,0.312,0.335,0.192,0.181,0.54,1.60
307,1976,8,-1.469,0.888,-0.261,0.438,0.139,0.367,0.325,0.330,0.190,0.173,0.54,1.60
308,1976,9,-0.685,0.741,-0.253,0.421,0.160,0.392,0.324,0.327,0.194,0.171,0.54,1.60
309,1976,10,0.245,0.884,-0.175,0.429,0.175,0.403,0.324,0.327,0.198,0.171,0.54,1.60
310,1976,11,0.158,0.823,-0.011,0.439,0.198,0.419,0.336,0.327,0.201,0.171,0.54,1.60
311,1976,12,0.646,1.431,0.094,0.451,0.199,0.413,0.338,0.325,0.200,0.171,0.54,1.60
312,1977,1,0.448,1.066,0.104,0.480,0.196,0.398,0.338,0.321,0.205,0.173,0.54,1.60
313,1977,2,0.291,0.869,0.261,0.531,0.193,0.398,0.346,0.321,0.211,0.172,0.54,1.60
314,1977,3,-0.412,1.006,0.333,0.519,0.227,0.412,0.342,0.320,0.212,0.174,0.54,1.60
315,1977,4,0.590,1.258,0.296,0.472,0.217,0.391,0.338,0.331,0.215,0.173,0.54,1.60
316,1977,5,0.344,1.068,0.276,0.460,0.220,0.377,0.348,0.335,0.215,0.173,0.54,1.60
317,1977,6,0.935,1.110,0.210,0.404,0.233,0.379,0.341,0.326,0.221,0.173,0.54,1.60
318,1977,7,0.162,1.160,0.151,0.376,0.228,0.376,0.344,0.330,0.231,0.174,0.54,1.60
319,1977,8,0.417,1.559,0.129,0.392,0.249,0.387,0.326,0.322,0.234,0.175,0.54,1.60
320,1977,9,0.169,1.331,0.203,0.396,0.260,0.385,0.323,0.329,0.236,0.173,0.54,1.60
321,1977,10,-0.195,0.580,0.173,0.419,0.301,0.387,0.329,0.327,0.238,0.172,0.54,1.60
322,1977,11,-0.086,0.951,0.237,0.345,0.294,0.396,0.333,0.326,0.237,0.171,0.54,1.60
323,1977,12,-0.137,0.868,0.188,0.318,0.304,0.410,0.340,0.327,0.240,0.170,0.54,1.60
324,1978,1,-0.261,0.859,0.220,0.321,0.337,0.405,0.343,0.327,0.246,0.170,0.54,1.60
325,1978,2,0.018,0.908,0.161,0.500,0.347,0.386,0.349,0.327,0.245,0.170,0.54,1.60
326,1978,3,0.477,1.061,0.183,0.491,0.358,0.382,0.354,0.330,0.241,0.169,0.54,1.60
327,1978,4,0.232,0.786,0.207,0.539,0.355,0.366,0.355,0.325,0.241,0.168,0.54,1.60
328,1978,5,1.117,1.795,0.290,0.540,0.375,0.356,0.348,0.312,0.239,0.164,0.54,1.60
329,1978,6,0.340,0.755,0.338,0.533,0.383,0.359,0.339,0.301,0.236,0.157,0.54,1.60
330,1978,7,0.552,0.537,0.378,0.503,0.383,0.347,0.344,0.309,0.237,0.156,0.54,1.60
331,1978,8,-0.297,2.125,0.353,0.499,0.396,0.349,0.347,0.294,0.235,0.151,0.54,1.60
332,1978,9,0.439,1.228,0.397,0.735,0.438,0.351,0.336,0.278,0.237,0.149,0.54,1.60
333,1978,10,0.086,1.150,0.478,0.837,0.441,0.354,0.328,0.270,0.237,0.149,0.54,1.60
334,1978,11,0.913,1.060,0.447,0.845,0.476,0.377,0.322,0.271,0.236,0.149,0.54,1.60
335,1978,12,0.439,0.987,0.481,0.809,0.505,0.390,0.326,0.270,0.241,0.150,0.54,1.60
336,1979,1,0.216,0.984,0.439,0.786,0.520,0.376,0.335,0.269,0.242,0.151,0.54,1.60
337,1979,2,-0.279,1.115,0.543,0.687,0.581,0.378,0.336,0.267,0.245,0.150,0.54,1.60
338,1979,3,1.001,2.580,0.616,0.687,0.601,0.371,0.338,0.260,0.248,0.149,0.54,1.60
339,1979,4,1.206,1.428,0.639,0.554,0.601,0.370,0.335,0.253,0.251,0.150,0.54,1.60
340,1979,5,0.743,1.969,0.615,0.519,0.617,0.369,0.346,0.248,0.251,0.152,0.54,1.60
341,1979,6,0.752,0.521,0.650,0.537,0.614,0.362,0.335,0.242,0.254,0.148,0.54,1.60
342,1979,7,0.052,0.652,0.664,0.543,0.603,0.355,0.332,0.243,0.257,0.148,0.54,1.60
343,1979,8,0.949,0.953,0.808,0.634,0.606,0.357,0.328,0.235,0.264,0.150,0.54,1.60
344,1979,9,1.313,1.142,0.770,0.453,0.611,0.363,0.338,0.229,0.268,0.152,0.54,1.60
345,1979,10,0.368,1.170,0.870,0.394,0.604,0.384,0.323,0.227,0.272,0.154,0.54,1.60
346,1979,11,0.626,0.945,0.844,0.401,0.601,0.389,0.320,0.225,0.272,0.157,0.54,1.60
347,1979,12,0.853,0.880,0.885,0.475,0.575,0.377,0.321,0.227,0.273,0.159,0.54,1.60
348,1980,1,0.388,1.048,1.011,0.488,0.575,0.387,0.318,0.226,0.277,0.159,0.54,1.60
349,1980,2,1.447,1.522,0.958,0.413,0.554,0.401,0.310,0.223,0.281,0.158,0.54,1.60
350,1980,3,0.539,0.617,0.920,0.375,0.548,0.402,0.316,0.219,0.281,0.155,0.54,1.60
351,1980,4,2.410,0.615,0.918,0.450,0.548,0.391,0.324,0.218,0.290,0.157,0.54,1.60
352,1980,5,0.426,1.741,1.013,0.486,0.555,0.399,0.315,0.211,0.292,0.157,0.54,1.60
353,1980,6,1.253,1.590,0.975,0.487,0.567,0.404,0.314,0.210,0.292,0.157,0.54,1.60
354,1980,7,1.561,0.689,0.990,0.454,0.586,0.405,0.313,0.215,0.292,0.156,0.54,1.60
355,1980,8,0.306,0.766,0.950,0.407,0.605,0.402,0.324,0.213,0.297,0.159,0.54,1.60
356,1980,9,0.860,0.606,1.074,0.441,0.603,0.418,0.323,0.209,0.298,0.160,0.54,1.60
357,1980,10,0.345,0.667,0.858,0.441,0.604,0.404,0.322,0.205,0.300,0.159,0.54,1.60
358,1980,11,1.769,0.911,0.863,0.439,0.579,0.354,0.312,0.202,0.304,0.161,0.54,1.60
359,1980,12,0.392,1.131,0.879,0.462,0.575,0.336,0.308,0.203,0.308,0.161,0.54,1.60
360,1981,1,0.577,1.185,0.827,0.436,0.560,0.349,0.302,0.207,0.308,0.160,0.54,1.60
361,1981,2,0.962,0.919,0.981,0.469,0.567,0.300,0.314,0.208,0.312,0.160,0.54,1.60
362,1981,3,2.024,0.817,0.952,0.465,0.557,0.273,0.326,0.206,0.321,0.161,0.54,1.60
363,1981,4,-0.175,0.574,0.944,0.468,0.547,0.258,0.334,0.207,0.332,0.168,0.54,1.60
364,1981,5,0.483,1.685,0.892,0.474,0.526,0.259,0.359,0.210,0.334,0.166,0.54,1.60
365,1981,6,1.439,1.905,0.896,0.426,0.519,0.256,0.357,0.205,0.344,0.168,0.54,1.60
366,1981,7,0.938,1.280,0.831,0.432,0.535,0.257,0.356,0.204,0.347,0.167,0.54,1.60
367,1981,8,2.162,0.780,0.793,0.426,0.533,0.254,0.360,0.202,0.352,0.169,0.54,1.60
368,1981,9,0.504,0.919,0.610,0.412,0.517,0.236,0.373,0.200,0.349,0.173,0.54,1.60
369,1981,10,0.257,0.634,0.640,0.498,0.495,0.229,0.375,0.197,0.350,0.173,0.54,1.60
370,1981,11,1.138,0.556,0.616,0.439,0.493,0.232,0.375,0.196,0.353,0.173,0.54,1.60
371,1981,12,0.443,0.942,0.442,0.392,0.470,0.228,0.368,0.196,0.356,0.173,0.54,1.60
372,1982,1,-0.201,0.872,0.379,0.383,0.469,0.228,0.371,0.199,0.365,0.174,0.54,1.60
373,1982,2,0.500,1.080,0.127,0.348,0.463,0.231,0.376,0.199,0.370,0.175,0.54,1.60
374,1982,3,-0.170,0.686,0.069,0.384,0.449,0.241,0.386,0.199,0.371,0.172,0.54,1.60
375,1982,4,0.181,2.273,0.031,0.339,0.430,0.230,0.387,0.197,0.368,0.171,0.54,1.60
376,1982,5,0.206,0.747,-0.037,0.393,0.419,0.229,0.382,0.195,0.373,0.174,0.54,1.60
377,1982,6,-0.649,0.985,-0.025,0.404,0.410,0.239,0.377,0.194,0.374,0.175,0.54,1.60
378,1982,7,0.172,0.636,0.064,0.431,0.409,0.235,0.391,0.190,0.372,0.174,0.54,1.60
379,1982,8,-0.855,0.582,0.120,0.434,0.371,0.241,0.391,0.189,0.365,0.174,0.54,1.60
380,1982,9,-0.192,1.542,0.167,0.428,0.371,0.243,0.390,0.187,0.364,0.175,0.54,1.60
381,1982,10,-0.205,0.925,0.176,0.337,0.346,0.247,0.391,0.188,0.371,0.179,0.54,1.60
382,1982,11,0.329,1.427,0.123,0.378,0.335,0.260,0.392,0.187,0.373,0.179,0.54,1.60
383,1982,12,0.587,1.083,0.188,0.387,0.324,0.273,0.399,0.187,0.373,0.178,0.54,1.60
384,1983,1,0.867,0.897,0.145,0.327,0.288,0.263,0.410,0.190,0.374,0.180,0.54,1.60
385,1983,2,1.176,0.504,0.228,0.413,0.300,0.252,0.407,0.189,0.378,0.183,0.54,1.60
386,1983,3,0.387,0.573,0.227,0.671,0.287,0.262,0.404,0.190,0.379,0.183,0.54,1.60
387,1983,4,0.294,1.136,0.204,0.652,0.289,0.257,0.405,0.187,0.378,0.182,0.54,1.60
388,1983,5,-0.429,2.229,0.147,0.626,0.248,0.263,0.399,0.189,0.377,0.187,0.54,1.60
389,1983,6,0.121,1.260,0.101,0.664,0.234,0.264,0.395,0.194,0.374,0.186,0.54,1.60
390,1983,7,-0.339,1.323,0.123,0.674,0.220,0.266,0.392,0.193,0.375,0.187,0.54,1.60
391,1983,8,0.141,2.152,-0.005,0.694,0.232,0.267,0.396,0.202,0.376,0.182,0.54,1.60
392,1983,9,-0.208,2.297,-0.035,0.793,0.215,0.269,0.394,0.209,0.372,0.184,0.54,1.60
393,1983,10,-0.471,0.800,-0.068,0.796,0.227,0.274,0.395,0.217,0.371,0.185,0.54,1.60
394,1983,11,-0.360,0.698,0.020,0.680,0.241,0.270,0.384,0.212,0.369,0.185,0.54,1.60
395,1983,12,0.033,0.871,-0.043,0.631,0.208,0.298,0.387,0.213,0.369,0.185,0.54,1.60
396,1984,1,1.130,0.821,-0.015,0.647,0.191,0.288,0.389,0.210,0.372,0.185,0.54,1.60
397,1984,2,-0.355,0.893,0.020,0.571,0.139,0.311,0.391,0.204,0.376,0.185,0.54,1.60
398,1984,3,0.020,1.225,0.076,0.505,0.146,0.320,0.389,0.211,0.376,0.185,0.54,1.60
399,1984,4,-0.094,1.086,0.051,0.445,0.149,0.323,0.384,0.207,0.373,0.183,0.54,1.60
400,1984,5,0.620,0.785,0.078,0.487,0.133,0.334,0.381,0.205,0.373,0.180,0.54,1.60
401,1984,6,-0.636,0.670,0.103,0.499,0.122,0.334,0.380,0.204,0.376,0.172,0.54,1.60
402,1984,7,0.003,0.993,0.036,0.510,0.139,0.332,0.388,0.202,0.377,0.168,0.54,1.60
403,1984,8,0.557,1.216,-0.005,0.512,0.146,0.335,0.388,0.201,0.373,0.170,0.54,1.60
404,1984,9,0.468,1.398,0.040,0.491,0.162,0.328,0.388,0.196,0.378,0.170,0.54,1.60
405,1984,10,-0.771,0.644,0.124,0.461,0.171,0.347,0.395,0.185,0.374,0.165,0.54,1.60
406,1984,11,-0.041,0.809,0.053,0.469,0.162,0.359,0.389,0.179,0.373,0.165,0.54,1.60
407,1984,12,0.340,1.328,0.156,0.461,0.179,0.364,0.385,0.180,0.373,0.166,0.54,1.60
408,1985,1,0.316,1.106,0.106,0.458,0.207,0.366,0.388,0.176,0.371,0.168,0.54,1.60
409,1985,2,-0.838,0.725,0.145,0.349,0.227,0.339,0.381,0.180,0.373,0.169,0.54,1.60
410,1985,3,0.560,0.971,0.113,0.330,0.232,0.377,0.379,0.180,0.374,0.167,0.54,1.60
411,1985,4,0.915,0.676,0.214,0.328,0.235,0.380,0.377,0.176,0.376,0.172,0.54,1.60
412,1985,5,-0.235,1.015,0.162,0.341,0.230,0.376,0.380,0.176,0.372,0.171,0.54,1.60
413,1985,6,0.601,0.583,0.096,0.350,0.231,0.383,0.370,0.177,0.371,0.169,0.54,1.60
414,1985,7,-0.597,1.077,0.046,0.369,0.234,0.383,0.360,0.182,0.382,0.165,0.54,1.60
415,1985,8,1.016,1.140,0.258,0.395,0.210,0.383,0.369,0.173,0.384,0.156,0.54,1.60
416,1985,9,0.086,0.826,0.293,0.397,0.205,0.395,0.364,0.174,0.386,0.155,0.54,1.60
417,1985,10,0.448,1.036,0.263,0.393,0.205,0.392,0.364,0.177,0.386,0.150,0.54,1.60
418,1985,11,-0.663,0.992,0.394,0.483,0.220,0.385,0.358,0.175,0.386,0.148,0.54,1.60
419,1985,12,-0.463,1.032,0.298,0.438,0.215,0.400,0.360,0.174,0.387,0.148,0.54,1.60
420,1986,1,-0.279,1.395,0.341,0.379,0.223,0.420,0.359,0.173,0.387,0.147,0.54,1.60
421,1986,2,1.711,1.031,0.177,0.442,0.226,0.415,0.359,0.168,0.388,0.147,0.54,1.60
422,1986,3,0.972,0.537,0.243,0.477,0.231,0.390,0.358,0.166,0.393,0.150,0.54,1.60
423,1986,4,0.556,0.560,0.243,0.525,0.242,0.392,0.377,0.161,0.396,0.149,0.54,1.60
424,1986,5,1.336,1.770,0.312,0.540,0.243,0.390,0.378,0.163,0.400,0.150,0.54,1.60
425,1986,6,-0.543,1.415,0.336,0.548,0.254,0.392,0.381,0.166,0.405,0.143,0.54,1.60
426,1986,7,-0.081,0.716,0.428,0.543,0.243,0.383,0.381,0.164,0.404,0.135,0.54,1.60
427,1986,8,-0.949,2.802,0.362,0.562,0.250,0.375,0.378,0.160,0.413,0.132,0.54,1.60
428,1986,9,0.871,1.597,0.343,0.518,0.261,0.353,0.375,0.158,0.418,0.131,0.54,1.60
429,1986,10,0.453,0.544,0.358,0.485,0.272,0.316,0.376,0.158,0.420,0.131,0.54,1.60
430,1986,11,0.164,1.085,0.220,0.632,0.269,0.281,0.369,0.158,0.423,0.130,0.54,1.60
431,1986,12,-0.172,1.006,0.295,0.639,0.289,0.278,0.375,0.158,0.422,0.130,0.54,1.60
432,1987,1,0.818,1.288,0.456,0.619,0.307,0.286,0.391,0.158,0.422,0.129,0.54,1.60
433,1987,2,0.918,0.822,0.566,0.378,0.314,0.266,0.395,0.159,0.425,0.129,0.54,1.60
434,1987,3,0.750,1.034,0.499,0.376,0.328,0.237,0.400,0.158,0.433,0.127,0.54,1.60
435,1987,4,0.728,0.669,0.462,0.417,0.361,0.230,0.397,0.158,0.432,0.126,0.54,1.60
436,1987,5,-0.320,1.135,0.450,0.398,0.359,0.221,0.398,0.158,0.435,0.125,0.54,1.60
437,1987,6,0.366,1.296,0.518,0.376,0.360,0.214,0.407,0.159,0.435,0.124,0.54,1.60
438,1987,7,1.841,0.643,0.536,0.369,0.366,0.212,0.399,0.159,0.438,0.125,0.54,1.60
439,1987,8,0.381,1.860,0.438,0.365,0.392,0.213,0.403,0.159,0.438,0.128,0.54,1.60
440,1987,9,0.068,1.568,0.387,0.426,0.387,0.213,0.406,0.159,0.439,0.124,0.54,1.60
441,1987,10,0.007,1.062,0.349,0.485,0.407,0.211,0.413,0.160,0.442,0.121,0.54,1.60
442,1987,11,0.015,0.897,0.415,0.532,0.424,0.210,0.414,0.161,0.445,0.122,0.54,1.60
443,1987,12,0.641,0.863,0.371,0.614,0.417,0.213,0.407,0.161,0.447,0.122,0.54,1.60
444,1988,1,1.038,0.944,0.228,0.610,0.431,0.219,0.406,0.162,0.449,0.120,0.54,1.60
445,1988,2,-0.252,1.065,0.219,0.850,0.438,0.218,0.406,0.163,0.452,0.120,0.54,1.60
446,1988,3,0.127,0.736,0.222,0.779,0.441,0.221,0.403,0.162,0.455,0.120,0.54,1.60
447,1988,4,0.279,0.895,0.240,0.735,0.439,0.224,0.401,0.163,0.454,0.121,0.54,1.60
448,1988,5,0.469,1.788,0.211,0.688,0.467,0.228,0.407,0.170,0.449,0.117,0.54,1.60
449,1988,6,-0.161,2.317,0.218,0.699,0.486,0.229,0.408,0.175,0.450,0.115,0.54,1.60
450,1988,7,0.129,0.627,0.168,0.679,0.499,0.235,0.407,0.170,0.454,0.115,0.54,1.60
451,1988,8,0.274,1.831,0.194,0.648,0.486,0.239,0.404,0.172,0.459,0.112,0.54,1.60
452,1988,9,0.101,0.725,0.240,0.588,0.501,0.241,0.408,0.184,0.460,0.110,0.54,1.60
453,1988,10,0.224,0.882,0.268,0.439,0.527,0.255,0.414,0.190,0.463,0.109,0.54,1.60
454,1988,11,-0.338,1.061,0.262,0.371,0.515,0.245,0.415,0.190,0.461,0.113,0.54,1.60
455,1988,12,0.722,1.560,0.326,0.460,0.554,0.249,0.412,0.190,0.462,0.113,0.54,1.60
456,1989,1,0.445,1.261,0.405,0.459,0.570,0.252,0.409,0.189,0.463,0.119,0.54,1.60
457,1989,2,0.061,0.963,0.463,0.602,0.617,0.287,0.415,0.190,0.467,0.122,0.54,1.60
458,1989,3,0.675,0.812,0.564,0.770,0.604,0.315,0.413,0.195,0.467,0.122,0.54,1.60
459,1989,4,0.617,2.055,0.646,0.928,0.604,0.318,0.412,0.198,0.463,0.122,0.54,1.60
460,1989,5,0.390,2.427,0.658,0.982,0.606,0.326,0.401,0.198,0.463,0.124,0.54,1.60
461,1989,6,0.618,0.790,0.634,1.013,0.627,0.332,0.418,0.190,0.462,0.125,0.54,1.60
462,1989,7,1.070,0.522,0.654,1.006,0.642,0.340,0.422,0.184,0.461,0.125,0.54,1.60
463,1989,8,0.972,1.046,0.705,0.963,0.643,0.353,0.418,0.197,0.456,0.125,0.54,1.60
464,1989,9,1.316,1.841,0.672,0.851,0.639,0.339,0.419,0.203,0.450,0.126,0.54,1.60
465,1989,10,1.210,1.627,0.799,0.783,0.623,0.335,0.425,0.196,0.450,0.128,0.54,1.60
466,1989,11,-0.204,1.464,0.831,0.663,0.633,0.357,0.426,0.198,0.450,0.137,0.54,1.60
467,1989,12,0.435,1.552,0.791,0.733,0.636,0.384,0.424,0.202,0.446,0.138,0.54,1.60
468,1990,1,0.690,0.911,0.726,0.664,0.592,0.374,0.423,0.207,0.445,0.147,0.54,1.60
469,1990,2,0.670,0.744,0.765,0.753,0.579,0.363,0.436,0.211,0.442,0.151,0.54,1.60
470,1990,3,0.287,1.090,0.675,0.673,0.580,0.387,0.433,0.212,0.445,0.153,0.54,1.60
471,1990,4,2.138,1.522,0.601,0.560,0.590,0.413,0.428,0.227,0.436,0.154,0.54,1.60
472,1990,5,0.770,0.967,0.704,0.540,0.598,0.422,0.429,0.233,0.438,0.165,0.54,1.60
473,1990,6,0.146,1.262,0.723,0.535,0.582,0.419,0.429,0.233,0.436,0.170,0.54,1.60
474,1990,7,0.284,1.493,0.709,0.517,0.578,0.426,0.450,0.220,0.433,0.170,0.54,1.60
475,1990,8,1.446,2.163,0.733,0.574,0.602,0.440,0.445,0.203,0.433,0.170,0.54,1.60
476,1990,9,0.230,1.119,0.862,0.683,0.601,0.444,0.449,0.209,0.431,0.170,0.54,1.60
477,1990,10,0.322,1.072,0.863,0.765,0.598,0.450,0.450,0.204,0.431,0.178,0.54,1.60
478,1990,11,1.026,1.275,0.848,0.718,0.593,0.490,0.460,0.206,0.423,0.174,0.54,1.60
479,1990,12,0.671,1.070,0.986,0.687,0.601,0.532,0.465,0.208,0.421,0.175,0.54,1.60
480,1991,1,0.514,1.049,1.037,0.753,0.591,0.535,0.473,0.212,0.422,0.178,0.54,1.60
481,1991,2,0.965,1.363,1.069,0.722,0.583,0.538,0.463,0.216,0.423,0.180,0.54,1.60
482,1991,3,1.828,1.214,1.057,0.773,0.585,0.562,0.461,0.222,0.418,0.185,0.54,1.60
483,1991,4,2.151,2.546,1.070,0.828,0.585,0.585,0.458,0.223,0.422,0.190,0.54,1.60
484,1991,5,0.598,0.537,1.009,0.768,0.587,0.575,0.441,0.214,0.422,0.191,0.54,1.60
485,1991,6,1.796,0.697,1.043,0.777,0.570,0.581,0.453,0.209,0.415,0.195,0.54,1.60
486,1991,7,0.898,0.535,1.142,0.816,0.575,0.569,0.453,0.197,0.412,0.188,0.54,1.60
487,1991,8,1.834,1.793,1.144,0.801,0.581,0.559,0.467,0.203,0.408,0.191,0.54,1.60
488,1991,9,0.082,1.529,1.034,0.698,0.566,0.553,0.463,0.210,0.410,0.194,0.54,1.60
489,1991,10,0.481,0.664,0.838,0.526,0.551,0.518,0.466,0.212,0.412,0.197,0.54,1.60
490,1991,11,0.287,0.461,0.811,0.577,0.534,0.473,0.472,0.218,0.412,0.195,0.54,1.60
491,1991,12,1.084,0.974,0.704,0.619,0.546,0.446,0.475,0.220,0.416,0.202,0.54,1.60
492,1992,1,1.704,0.994,0.563,0.553,0.536,0.437,0.473,0.224,0.422,0.205,0.54,1.60
493,1992,2,0.982,1.193,0.376,0.502,0.522,0.450,0.475,0.229,0.425,0.207,0.54,1.60
494,1992,3,0.515,0.553,0.382,0.449,0.510,0.421,0.480,0.223,0.429,0.206,0.54,1.60
495,1992,4,-0.202,0.516,0.393,0.482,0.488,0.387,0.476,0.221,0.430,0.206,0.54,1.60
496,1992,5,0.273,0.969,0.411,0.520,0.493,0.370,0.488,0.220,0.429,0.203,0.54,1.60
497,1992,6,0.507,1.018,0.294,0.485,0.489,0.373,0.494,0.225,0.434,0.201,0.54,1.60
498,1992,7,-0.788,1.077,0.215,0.490,0.480,0.379,0.484,0.224,0.436,0.198,0.54,1.60
499,1992,8,-0.415,1.232,0.236,0.520,0.481,0.387,0.486,0.214,0.443,0.201,0.54,1.60
500,1992,9,0.151,0.737,0.197,0.520,0.480,0.392,0.488,0.217,0.446,0.205,0.54,1.60
501,1992,10,0.616,1.036,0.221,0.485,0.448,0.406,0.493,0.219,0.450,0.204,0.54,1.60
502,1992,11,0.510,0.893,0.213,0.508,0.434,0.399,0.497,0.221,0.452,0.201,0.54,1.60
503,1992,12,-0.329,0.891,0.198,0.485,0.441,0.390,0.495,0.218,0.449,0.202,0.54,1.60
504,1993,1,0.760,1.074,0.225,0.550,0.470,0.385,0.489,0.219,0.451,0.198,0.54,1.60
505,1993,2,1.234,1.400,0.243,0.388,0.452,0.329,0.496,0.217,0.449,0.196,0.54,1.60
506,1993,3,0.052,0.514,0.249,0.421,0.458,0.327,0.505,0.215,0.454,0.198,0.54,1.60
507,1993,4,0.075,0.635,0.215,0.429,0.462,0.332,0.503,0.220,0.455,0.199,0.54,1.60
508,1993,5,0.182,1.333,0.153,0.416,0.452,0.322,0.498,0.220,0.457,0.198,0.54,1.60
509,1993,6,0.323,0.744,0.157,0.429,0.444,0.326,0.504,0.230,0.462,0.197,0.54,1.60
510,1993,7,-0.456,0.476,0.157,0.381,0.447,0.327,0.517,0.231,0.465,0.203,0.54,1.60
511,1993,8,-0.195,1.498,0.088,0.363,0.439,0.322,0.521,0.237,0.473,0.204,0.54,1.60
512,1993,9,0.213,1.193,0.066,0.379,0.420,0.323,0.527,0.239,0.480,0.200,0.54,1.60
513,1993,10,0.217,1.147,0.035,0.389,0.389,0.291,0.530,0.240,0.484,0.202,0.54,1.60
514,1993,11,-0.238,0.825,-0.035,0.336,0.367,0.289,0.538,0.240,0.488,0.200,0.54,1.60
515,1993,12,-0.279,0.934,0.051,0.379,0.352,0.266,0.538,0.244,0.491,0.199,0.54,1.60
516,1994,1,0.756,1.415,0.128,0.408,0.335,0.236,0.537,0.248,0.492,0.199,0.54,1.60
517,1994,2,0.411,1.620,0.158,0.323,0.317,0.212,0.543,0.247,0.497,0.197,0.54,1.60
518,1994,3,-0.222,0.669,0.188,0.340,0.322,0.205,0.544,0.245,0.503,0.198,0.54,1.60
519,1994,4,-0.288,0.569,0.160,0.411,0.328,0.206,0.543,0.234,0.507,0.203,0.54,1.60
520,1994,5,-0.667,0.803,0.186,0.434,0.337,0.211,0.546,0.223,0.508,0.203,0.54,1.60
521,1994,6,1.360,2.110,0.226,0.399,0.323,0.211,0.544,0.224,0.513,0.207,0.54,1.60
522,1994,7,0.463,0.794,0.175,0.328,0.304,0.216,0.534,0.222,0.516,0.218,0.54,1.60
523,1994,8,0.171,1.794,0.204,0.333,0.306,0.214,0.523,0.220,0.516,0.217,0.54,1.60
524,1994,9,0.570,0.533,0.239,0.346,0.321,0.215,0.511,0.216,0.517,0.220,0.54,1.60
525,1994,10,-0.114,1.008,0.283,0.338,0.328,0.217,0.504,0.215,0.522,0.221,0.54,1.60
526,1994,11,0.068,0.933,0.335,0.366,0.342,0.207,0.511,0.233,0.525,0.216,0.54,1.60
527,1994,12,0.205,1.013,0.265,0.462,0.352,0.207,0.506,0.235,0.528,0.218,0.54,1.60
528,1995,1,0.142,1.221,0.395,0.433,0.377,0.206,0.502,0.249,0.529,0.213,0.54,1.60
529,1995,2,0.762,1.079,0.413,0.344,0.393,0.208,0.503,0.256,0.535,0.216,0.54,1.60
530,1995,3,0.197,0.803,0.413,0.352,0.397,0.213,0.510,0.258,0.536,0.212,0.54,1.60
531,1995,4,0.244,2.117,0.473,0.360,0.396,0.223,0.496,0.261,0.534,0.215,0.54,1.60
532,1995,5,-0.050,0.648,0.503,0.369,0.396,0.229,0.497,0.279,0.536,0.218,0.54,1.60
533,1995,6,0.522,0.569,0.502,0.384,0.408,0.234,0.501,0.283,0.536,0.216,0.54,1.60
534,1995,7,2.017,1.340,0.547,0.333,0.401,0.241,0.506,0.284,0.537,0.220,0.54,1.60
535,1995,8,0.396,2.106,0.524,0.351,0.390,0.256,0.497,0.287,0.533,0.220,0.54,1.60
536,1995,9,0.561,0.737,0.565,0.378,0.410,0.258,0.498,0.285,0.534,0.215,0.54,1.60
537,1995,10,0.605,0.549,0.567,0.346,0.408,0.251,0.498,0.300,0.537,0.218,0.54,1.60
538,1995,11,0.435,0.840,0.512,0.335,0.403,0.267,0.489,0.293,0.541,0.217,0.54,1.60
539,1995,12,0.188,1.042,0.545,0.389,0.407,0.276,0.481,0.295,0.549,0.219,0.54,1.60
540,1996,1,0.684,1.237,0.364,0.462,0.443,0.277,0.484,0.304,0.552,0.221,0.54,1.60
541,1996,2,0.487,1.092,0.393,0.434,0.458,0.270,0.486,0.306,0.547,0.221,0.54,1.60
542,1996,3,0.691,1.320,0.382,0.465,0.468,0.285,0.479,0.316,0.547,0.218,0.54,1.60
543,1996,4,0.265,0.488,0.401,0.445,0.476,0.304,0.467,0.331,0.549,0.211,0.54,1.60
544,1996,5,-0.706,0.462,0.433,0.465,0.489,0.322,0.465,0.327,0.546,0.223,0.54,1.60
545,1996,6,0.911,1.968,0.438,0.468,0.506,0.320,0.449,0.328,0.549,0.219,0.54,1.60
546,1996,7,-0.150,2.893,0.428,0.532,0.499,0.346,0.442,0.315,0.549,0.218,0.54,1.60
547,1996,8,0.740,1.548,0.478,0.535,0.504,0.368,0.438,0.328,0.548,0.205,0.54,1.60
548,1996,9,0.430,0.557,0.536,0.633,0.523,0.380,0.446,0.337,0.546,0.200,0.54,1.60
549,1996,10,0.831,0.660,0.536,0.651,0.534,0.387,0.448,0.344,0.545,0.197,0.54,1.60
550,1996,11,0.825,1.091,0.685,0.672,0.558,0.392,0.455,0.340,0.548,0.196,0.54,1.60
551,1996,12,0.251,0.847,0.700,0.558,0.542,0.374,0.457,0.354,0.550,0.197,0.54,1.60
552,1997,1,0.556,1.119,0.773,0.426,0.531,0.378,0.452,0.366,0.550,0.193,0.54,1.60
553,1997,2,1.096,1.298,0.755,0.378,0.524,0.395,0.455,0.368,0.550,0.189,0.54,1.60
554,1997,3,1.383,0.909,0.752,0.397,0.513,0.395,0.458,0.364,0.549,0.188,0.54,1.60
555,1997,4,0.259,0.792,0.730,0.454,0.521,0.401,0.464,0.357,0.546,0.184,0.54,1.60
556,1997,5,1.089,1.777,0.705,0.445,0.529,0.440,0.459,0.351,0.548,0.176,0.54,1.60
557,1997,6,1.084,0.597,0.716,0.491,0.524,0.451,0.461,0.353,0.542,0.172,0.54,1.60
558,1997,7,0.730,0.524,0.698,0.484,0.524,0.487,0.472,0.343,0.538,0.165,0.54,1.60
559,1997,8,0.529,0.622,0.657,0.506,0.524,0.507,0.484,0.352,0.536,0.163,0.54,1.60
560,1997,9,0.389,1.044,0.643,0.515,0.541,0.513,0.486,0.358,0.535,0.155,0.54,1.60
561,1997,10,0.565,0.951,0.617,0.481,0.544,0.545,0.487,0.364,0.538,0.155,0.54,1.60
562,1997,11,0.530,1.018,0.518,0.494,0.560,0.592,0.491,0.360,0.539,0.151,0.54,1.60
563,1997,12,0.381,1.204,0.475,0.487,0.561,0.605,0.492,0.357,0.540,0.155,0.54,1.60
564,1998,1,0.342,1.210,0.556,0.485,0.543,0.598,0.496,0.352,0.539,0.159,0.54,1.60
565,1998,2,0.606,1.034,0.572,0.531,0.541,0.586,0.492,0.354,0.543,0.159,0.54,1.60
566,1998,3,1.209,1.085,0.605,0.494,0.538,0.589,0.505,0.355,0.546,0.160,0.54,1.60
567,1998,4,-0.053,0.609,0.615,0.503,0.534,0.622,0.508,0.359,0.546,0.159,0.54,1.60
568,1998,5,-0.093,1.866,0.617,0.697,0.526,0.605,0.508,0.374,0.549,0.160,0.54,1.60
569,1998,6,0.570,0.597,0.647,0.653,0.518,0.608,0.515,0.379,0.548,0.153,0.54,1.60
570,1998,7,1.702,0.548,0.649,0.844,0.520,0.631,0.524,0.389,0.550,0.150,0.54,1.60
571,1998,8,0.719,0.763,0.656,0.863,0.532,0.640,0.542,0.391,0.549,0.151,0.54,1.60
572,1998,9,0.782,0.477,0.630,0.865,0.537,0.667,0.552,0.399,0.556,0.151,0.54,1.60
573,1998,10,0.691,0.994,0.668,0.942,0.545,0.689,0.554,0.411,0.558,0.151,0.54,1.60
574,1998,11,0.550,2.936,0.738,0.984,0.563,0.683,0.561,0.407,0.561,0.151,0.54,1.60
575,1998,12,0.740,0.824,0.728,0.967,0.546,0.667,0.570,0.405,0.560,0.152,0.54,1.60
576,1999,1,0.371,2.810,0.568,0.982,0.550,0.620,0.576,0.407,0.558,0.154,0.54,1.60
577,1999,2,0.689,1.250,0.486,0.935,0.560,0.622,0.578,0.408,0.558,0.156,0.54,1.60
578,1999,3,0.893,0.818,0.412,0.922,0.569,0.632,0.592,0.417,0.556,0.152,0.54,1.60
579,1999,4,0.405,0.983,0.386,0.936,0.568,0.647,0.602,0.428,0.553,0.153,0.54,1.60
580,1999,5,0.750,1.068,0.387,0.977,0.573,0.635,0.614,0.428,0.545,0.151,0.54,1.60
581,1999,6,0.441,0.643,0.315,1.022,0.590,0.661,0.608,0.426,0.544,0.146,0.54,1.60
582,1999,7,-0.211,0.872,0.296,1.013,0.601,0.675,0.611,0.443,0.538,0.144,0.54,1.60
583,1999,8,-0.264,0.354,0.305,0.992,0.605,0.687,0.614,0.453,0.537,0.144,0.54,1.60
584,1999,9,-0.110,0.768,0.330,0.995,0.596,0.675,0.616,0.462,0.533,0.145,0.54,1.60
585,1999,10,0.376,1.177,0.334,1.000,0.599,0.657,0.620,0.459,0.528,0.148,0.54,1.60
586,1999,11,0.563,3.482,0.344,1.186,0.577,0.635,0.625,0.449,0.529,0.150,0.54,1.60
587,1999,12,-0.118,1.063,0.357,1.243,0.571,0.632,0.631,0.455,0.528,0.152,0.54,1.60
588,2000,1,0.137,2.740,0.454,1.224,0.567,0.617,0.636,0.448,0.528,0.152,0.54,1.60
589,2000,2,0.796,1.012,0.500,1.246,0.575,0.631,0.635,0.458,0.525,0.152,0.54,1.60
590,2000,3,1.200,0.995,0.537,1.234,0.576,0.633,0.638,0.451,0.525,0.149,0.54,1.60
591,2000,4,0.442,1.054,0.540,1.335,0.578,0.627,0.640,0.469,0.514,0.151,0.54,1.60
592,2000,5,0.876,3.201,0.487,0.974,0.586,0.615,0.642,0.479,0.513,0.154,0.54,1.60
593,2000,6,0.596,0.945,0.475,0.949,0.576,0.608,0.644,0.476,0.513,0.155,0.54,1.60
594,2000,7,0.957,0.475,0.531,0.839,0.590,0.587,0.623,0.474,0.514,0.153,0.54,1.60
595,2000,8,0.281,0.532,0.563,0.794,0.594,0.561,0.621,0.464,0.509,0.158,0.54,1.60
596,2000,9,0.334,0.683,0.548,0.820,0.601,0.554,0.619,0.459,0.509,0.162,0.54,1.60
597,2000,10,0.410,2.393,0.569,0.862,0.609,0.571,0.623,0.462,0.508,0.162,0.54,1.60
598,2000,11,-0.064,1.351,0.529,0.581,0.612,0.581,0.623,0.463,0.506,0.163,0.54,1.60
599,2000,12,-0.267,0.849,0.469,0.526,0.623,0.580,0.632,0.470,0.509,0.164,0.54,1.60
600,2001,1,0.808,1.399,0.396,0.406,0.604,0.597,0.630,0.473,0.509,0.162,0.54,1.60
601,2001,2,1.185,0.550,0.486,0.447,0.626,0.606,0.631,0.473,0.506,0.164,0.54,1.60
602,2001,3,1.011,1.250,0.538,0.509,0.636,0.607,0.633,0.475,0.498,0.169,0.54,1.60
603,2001,4,0.702,1.505,0.568,0.404,0.633,0.608,0.640,0.464,0.488,0.177,0.54,1.60
604,2001,5,0.391,0.695,0.670,0.438,0.633,0.555,0.651,0.481,0.485,0.180,0.54,1.60
605,2001,6,-0.116,0.433,0.797,0.558,0.634,0.552,0.644,0.466,0.475,0.182,0.54,1.60
606,2001,7,0.074,1.534,0.829,0.549,0.652,0.513,0.646,0.453,0.473,0.183,0.54,1.60
607,2001,8,1.362,1.268,0.842,0.539,0.652,0.488,0.628,0.430,0.465,0.190,0.54,1.60
608,2001,9,0.959,0.933,0.830,0.417,0.662,0.493,0.628,0.426,0.465,0.198,0.54,1.60
609,2001,10,0.777,0.933,0.810,0.243,0.670,0.507,0.624,0.423,0.461,0.201,0.54,1.60
610,2001,11,1.152,0.801,0.755,0.215,0.671,0.499,0.624,0.420,0.462,0.203,0.54,1.60
611,2001,12,1.260,1.874,0.825,0.206,0.674,0.517,0.625,0.420,0.460,0.203,0.54,1.60
612,2002,1,1.194,1.230,0.860,0.241,0.690,0.548,0.627,0.407,0.455,0.204,0.54,1.60
613,2002,2,1.339,0.386,0.833,0.237,0.704,0.550,0.626,0.404,0.453,0.209,0.54,1.60
614,2002,3,0.861,0.661,0.787,0.254,0.718,0.574,0.618,0.397,0.453,0.210,0.54,1.60
615,2002,4,0.462,1.197,0.779,0.254,0.720,0.561,0.617,0.388,0.457,0.211,0.54,1.60
616,2002,5,-0.261,1.543,0.767,0.259,0.721,0.492,0.609,0.372,0.456,0.213,0.54,1.60
617,2002,6,0.718,0.388,0.644,0.357,0.738,0.495,0.590,0.366,0.458,0.217,0.54,1.60
618,2002,7,0.495,0.893,0.645,0.488,0.748,0.440,0.592,0.353,0.461,0.214,0.54,1.60
619,2002,8,1.038,0.973,0.603,0.568,0.745,0.438,0.587,0.346,0.464,0.219,0.54,1.60
620,2002,9,0.405,0.828,0.666,0.518,0.735,0.419,0.581,0.335,0.465,0.222,0.54,1.60
621,2002,10,0.679,0.539,0.663,0.412,0.736,0.419,0.582,0.333,0.464,0.227,0.54,1.60
622,2002,11,1.010,1.194,0.694,0.337,0.725,0.391,0.581,0.326,0.466,0.228,0.54,1.60
623,2002,12,-0.216,1.197,0.737,0.336,0.728,0.374,0.586,0.330,0.468,0.229,0.54,1.60
624,2003,1,1.212,1.182,0.742,0.379,0.704,0.379,0.589,0.330,0.469,0.232,0.54,1.60
625,2003,2,0.835,0.988,0.824,0.389,0.700,0.373,0.589,0.326,0.469,0.240,0.54,1.60
626,2003,3,1.617,0.483,0.905,0.368,0.701,0.361,0.586,0.325,0.472,0.240,0.54,1.60
627,2003,4,0.428,1.019,0.890,0.415,0.713,0.338,0.589,0.330,0.473,0.237,0.54,1.60
628,2003,5,0.108,1.147,0.854,0.433,0.719,0.354,0.601,0.333,0.471,0.242,0.54,1.60
629,2003,6,1.236,0.493,0.938,0.390,0.746,0.364,0.592,0.325,0.470,0.244,0.54,1.60
630,2003,7,0.547,1.563,0.958,0.460,0.740,0.354,0.583,0.321,0.474,0.243,0.54,1.60
631,2003,8,2.023,1.418,0.945,0.472,0.730,0.345,0.577,0.325,0.477,0.239,0.54,1.60
632,2003,9,1.382,0.532,0.937,0.529,0.728,0.326,0.586,0.326,NaN,NaN,0.54,1.60
633,2003,10,0.498,1.083,0.974,0.602,0.735,0.297,0.585,0.322,NaN,NaN,0.54,1.60
634,2003,11,0.575,0.858,1.031,0.548,0.739,0.320,0.584,0.308,NaN,NaN,0.54,1.60
635,2003,12,0.791,0.686,0.984,0.626,0.742,0.313,0.582,0.307,NaN,NaN,0.54,1.60
636,2004,1,1.454,0.421,1.000,0.733,0.742,0.332,0.579,0.296,NaN,NaN,0.54,1.60
637,2004,2,0.683,0.816,0.878,0.649,0.697,0.308,0.574,0.293,NaN,NaN,0.54,1.60
638,2004,3,1.525,1.169,0.825,0.748,0.687,0.301,0.568,0.287,NaN,NaN,0.54,1.60
639,2004,4,0.868,2.006,0.822,0.690,0.680,0.295,0.564,0.282,NaN,NaN,0.54,1.60
640,2004,5,0.795,0.609,0.826,0.634,0.674,0.297,0.545,0.274,NaN,NaN,0.54,1.60
641,2004,6,0.664,1.389,0.836,0.708,0.660,0.294,0.543,0.275,NaN,NaN,0.54,1.60
642,2004,7,0.744,2.935,0.776,0.606,0.653,0.293,0.542,0.270,NaN,NaN,0.54,1.60
643,2004,8,0.556,0.467,0.772,0.699,0.646,0.299,0.550,0.270,NaN,NaN,0.54,1.60
644,2004,9,0.752,1.628,0.693,0.586,0.640,0.299,0.555,0.271,NaN,NaN,0.54,1.60
645,2004,10,0.456,0.506,0.664,0.534,0.634,0.303,0.551,0.272,NaN,NaN,0.54,1.60
646,2004,11,0.624,1.594,0.616,0.586,0.641,0.306,0.547,0.283,NaN,NaN,0.54,1.60
647,2004,12,0.911,1.443,0.623,0.481,0.609,0.314,0.550,0.279,NaN,NaN,0.54,1.60
648,2005,1,0.731,1.602,0.521,0.386,0.618,0.324,0.554,0.286,NaN,NaN,0.54,1.60
649,2005,2,0.636,0.870,0.480,0.379,0.599,0.346,0.548,0.298,NaN,NaN,0.54,1.60
650,2005,3,0.575,0.914,0.452,0.381,0.587,0.367,0.539,0.307,NaN,NaN,0.54,1.60
651,2005,4,0.518,1.106,0.504,0.378,0.587,0.364,0.532,0.311,NaN,NaN,0.54,1.60
652,2005,5,0.225,1.279,0.480,0.359,0.576,0.375,0.528,0.327,NaN,NaN,0.54,1.60
653,2005,6,0.749,0.430,0.517,0.356,0.595,0.348,0.525,0.348,NaN,NaN,0.54,1.60
654,2005,7,-0.478,0.808,0.494,0.388,0.588,0.329,0.522,0.352,NaN,NaN,0.54,1.60
655,2005,8,0.059,0.471,0.488,0.353,0.584,0.321,0.521,0.353,NaN,NaN,0.54,1.60
656,2005,9,0.419,1.006,0.515,0.346,0.572,0.322,0.520,0.368,NaN,NaN,0.54,1.60
657,2005,10,1.074,0.531,0.566,0.382,0.569,0.325,0.518,0.390,NaN,NaN,0.54,1.60
658,2005,11,0.340,0.424,0.597,0.324,0.589,0.316,0.523,0.387,NaN,NaN,0.54,1.60
659,2005,12,1.350,1.559,0.541,0.353,0.562,0.334,0.536,0.390,NaN,NaN,0.54,1.60
660,2006,1,0.457,0.572,0.587,0.364,0.562,0.351,0.534,0.401,NaN,NaN,0.54,1.60
661,2006,2,0.564,0.568,0.470,0.473,0.529,0.347,0.527,0.401,NaN,NaN,0.54,1.60
662,2006,3,0.904,0.903,0.468,0.467,0.535,0.345,0.517,0.416,NaN,NaN,0.54,1.60
663,2006,4,1.132,2.118,0.407,0.562,0.538,0.352,0.509,0.426,NaN,NaN,0.54,1.60
664,2006,5,0.593,2.566,0.442,0.609,0.535,0.348,0.505,0.431,NaN,NaN,0.54,1.60
665,2006,6,0.082,1.046,0.365,0.559,0.530,0.349,0.502,0.433,NaN,NaN,0.54,1.60
666,2006,7,0.075,0.446,0.395,0.721,0.506,0.349,0.504,0.428,NaN,NaN,0.54,1.60
667,2006,8,-1.346,2.452,0.423,0.798,0.496,0.337,0.491,0.444,NaN,NaN,0.54,1.60
668,2006,9,0.390,0.799,0.387,0.802,0.474,0.360,0.485,0.462,NaN,NaN,0.54,1.60
669,2006,10,0.339,1.225,0.304,0.779,0.458,0.389,0.474,0.469,NaN,NaN,0.54,1.60
670,2006,11,0.767,0.632,0.267,1.172,0.419,0.430,0.468,0.474,NaN,NaN,0.54,1.60
671,2006,12,0.428,0.985,0.161,1.212,0.412,0.476,0.463,0.491,NaN,NaN,0.54,1.60
672,2007,1,0.807,1.976,0.240,1.412,0.394,0.536,0.458,0.498,NaN,NaN,0.54,1.60
673,2007,2,0.909,1.489,0.341,1.362,0.396,0.553,0.451,0.512,NaN,NaN,0.54,1.60
674,2007,3,0.469,0.955,0.285,1.484,0.391,0.614,0.448,0.512,NaN,NaN,0.54,1.60
675,2007,4,0.138,1.755,0.313,1.376,0.383,0.636,0.449,0.502,NaN,NaN,0.54,1.60
676,2007,5,0.146,2.608,0.277,1.509,0.373,0.640,0.452,0.484,NaN,NaN,0.54,1.60
677,2007,6,-1.189,1.455,0.322,1.327,0.363,0.634,0.454,0.482,NaN,NaN,0.54,1.60
678,2007,7,1.016,2.214,0.317,1.073,0.361,0.613,0.451,0.474,NaN,NaN,0.54,1.60
679,2007,8,-0.129,1.834,0.292,0.955,0.351,0.661,0.445,0.484,NaN,NaN,0.54,1.60
680,2007,9,-0.286,2.211,0.328,0.858,0.344,0.675,0.443,0.489,NaN,NaN,0.54,1.60
681,2007,10,0.677,0.562,0.338,0.734,0.328,0.700,0.441,0.491,NaN,NaN,0.54,1.60
682,2007,11,0.340,2.192,0.436,0.470,0.331,0.732,0.441,0.483,NaN,NaN,0.54,1.60
683,2007,12,0.961,2.316,0.499,0.486,0.321,0.775,0.445,0.484,NaN,NaN,0.54,1.60
684,2008,1,0.756,1.300,0.460,0.405,0.340,0.789,0.443,0.481,NaN,NaN,0.54,1.60
685,2008,2,0.599,0.550,0.477,0.335,0.342,0.788,0.446,0.476,NaN,NaN,0.54,1.60
686,2008,3,0.908,1.059,0.647,0.433,0.339,0.819,0.440,0.478,NaN,NaN,0.54,1.60
687,2008,4,0.252,0.629,0.643,0.419,0.324,0.844,0.438,0.479,NaN,NaN,0.54,1.60
688,2008,5,1.323,1.586,0.652,0.519,0.326,0.856,0.434,0.481,NaN,NaN,0.54,1.60
689,2008,6,-0.427,1.828,0.612,0.412,0.326,0.858,0.425,0.483,NaN,NaN,0.54,1.60
690,2008,7,0.549,0.770,0.546,0.398,0.328,0.868,0.425,0.491,NaN,NaN,0.54,1.60
691,2008,8,0.074,2.068,0.506,0.394,0.324,0.857,0.412,0.504,NaN,NaN,0.54,1.60
692,2008,9,1.750,0.696,0.447,0.318,0.306,0.866,NaN,NaN,NaN,NaN,0.54,1.60
693,2008,10,0.629,0.413,0.418,0.318,0.284,0.841,NaN,NaN,NaN,NaN,0.54,1.60
694,2008,11,0.448,0.645,0.180,0.570,0.271,0.900,NaN,NaN,NaN,NaN,0.54,1.60
695,2008,12,0.483,0.931,0.234,0.599,0.262,0.889,NaN,NaN,NaN,NaN,0.54,1.60
696,2009,1,-0.031,1.052,0.164,0.670,0.266,0.903,NaN,NaN,NaN,NaN,0.54,1.60
697,2009,2,0.117,0.650,0.210,0.913,0.286,0.881,NaN,NaN,NaN,NaN,0.54,1.60
698,2009,3,0.201,1.694,0.106,1.158,0.283,0.896,NaN,NaN,NaN,NaN,0.54,1.60
699,2009,4,-0.103,0.960,0.047,1.271,0.268,0.881,NaN,NaN,NaN,NaN,0.54,1.60
700,2009,5,-1.525,3.218,0.015,1.376,0.263,0.893,NaN,NaN,NaN,NaN,0.54,1.60
701,2009,6,0.219,2.267,-0.003,1.378,0.265,0.902,NaN,NaN,NaN,NaN,0.54,1.60
702,2009,7,-0.301,1.673,0.051,1.391,0.262,0.870,NaN,NaN,NaN,NaN,0.54,1.60
703,2009,8,0.627,1.228,0.045,1.622,0.255,0.872,NaN,NaN,NaN,NaN,0.54,1.60
704,2009,9,0.504,2.697,0.042,1.624,0.257,0.866,NaN,NaN,NaN,NaN,0.54,1.60
705,2009,10,-0.072,1.415,0.012,1.620,0.264,0.836,NaN,NaN,NaN,NaN,0.54,1.60
706,2009,11,0.065,1.814,0.177,1.432,0.263,0.780,NaN,NaN,NaN,NaN,0.54,1.60
707,2009,12,0.267,1.080,0.171,1.499,0.298,0.756,NaN,NaN,NaN,NaN,0.54,1.60
708,2010,1,0.609,0.980,0.247,1.386,0.284,0.715,NaN,NaN,NaN,NaN,0.54,1.60
709,2010,2,0.042,2.388,0.212,1.302,0.291,0.694,NaN,NaN,NaN,NaN,0.54,1.60
710,2010,3,0.169,1.720,0.190,1.321,0.300,0.668,NaN,NaN,NaN,NaN,0.54,1.60
711,2010,4,-0.457,0.926,0.208,1.315,0.296,0.677,NaN,NaN,NaN,NaN,0.54,1.60
712,2010,5,0.447,1.036,0.244,1.214,0.306,0.643,NaN,NaN,NaN,NaN,0.54,1.60
713,2010,6,0.147,3.089,0.334,1.246,0.295,0.683,NaN,NaN,NaN,NaN,0.54,1.60
714,2010,7,0.616,0.482,0.332,1.267,0.299,0.708,NaN,NaN,NaN,NaN,0.54,1.60
715,2010,8,0.210,0.331,0.356,1.055,0.308,0.710,NaN,NaN,NaN,NaN,0.54,1.60
716,2010,9,0.234,2.940,0.327,1.033,0.307,0.717,NaN,NaN,NaN,NaN,0.54,1.60
717,2010,10,0.152,1.345,0.346,1.003,0.307,0.712,NaN,NaN,NaN,NaN,0.54,1.60
718,2010,11,0.493,0.626,0.297,1.030,0.280,0.731,NaN,NaN,NaN,NaN,0.54,1.60
719,2010,12,1.349,1.618,0.243,0.806,0.289,0.704,NaN,NaN,NaN,NaN,0.54,1.60
720,2011,1,0.576,1.150,0.218,0.838,0.288,0.689,NaN,NaN,NaN,NaN,0.54,1.60
721,2011,2,0.334,0.468,0.189,0.906,0.295,0.729,NaN,NaN,NaN,NaN,0.54,1.60
722,2011,3,-0.173,1.469,0.186,0.803,NaN,NaN,NaN,NaN,NaN,NaN,0.54,1.60
723,2011,4,-0.235,0.626,0.129,0.721,NaN,NaN,NaN,NaN,NaN,NaN,0.54,1.60
724,2011,5,-0.144,1.347,0.126,0.779,NaN,NaN,NaN,NaN,NaN,NaN,0.54,1.60
725,2011,6,-0.496,0.570,0.060,0.778,NaN,NaN,NaN,NaN,NaN,NaN,0.54,1.60
726,2011,7,0.313,0.808,0.065,0.732,NaN,NaN,NaN,NaN,NaN,NaN,0.54,1.60
727,2011,8,-0.129,1.059,0.076,0.880,NaN,NaN,NaN,NaN,NaN,NaN,0.54,1.60
728,2011,9,0.189,1.676,0.141,0.811,NaN,NaN,NaN,NaN,NaN,NaN,0.54,1.60
729,2011,10,-0.531,0.545,0.207,0.756,NaN,NaN,NaN,NaN,NaN,NaN,0.54,1.60
730,2011,11,0.459,1.331,0.223,0.597,NaN,NaN,NaN,NaN,NaN,NaN,0.54,1.60
731,2011,12,0.561,1.677,0.345,0.566,NaN,NaN,NaN,NaN,NaN,NaN,0.54,1.60
732,2012,1,0.633,0.457,0.330,0.490,NaN,NaN,NaN,NaN,NaN,NaN,0.54,1.60
733,2012,2,0.464,1.627,0.368,0.466,NaN,NaN,NaN,NaN,NaN,NaN,0.54,1.60
734,2012,3,0.611,0.723,0.372,0.401,NaN,NaN,NaN,NaN,NaN,NaN,0.54,1.60
735,2012,4,0.552,0.570,0.452,0.432,NaN,NaN,NaN,NaN,NaN,NaN,0.54,1.60
736,2012,5,0.052,0.966,0.492,0.364,NaN,NaN,NaN,NaN,NaN,NaN,0.54,1.60
737,2012,6,0.962,0.519,0.469,0.356,NaN,NaN,NaN,NaN,NaN,NaN,0.54,1.60
738,2012,7,0.137,0.751,0.500,0.393,NaN,NaN,NaN,NaN,NaN,NaN,0.54,1.60
739,2012,8,0.331,1.109,0.555,0.392,NaN,NaN,NaN,NaN,NaN,NaN,0.54,1.60
740,2012,9,0.227,1.676,0.578,0.400,NaN,NaN,NaN,NaN,NaN,NaN,0.54,1.60
741,2012,10,0.439,1.128,0.554,0.367,NaN,NaN,NaN,NaN,NaN,NaN,0.54,1.60
742,2012,11,0.934,0.816,0.521,0.368,NaN,NaN,NaN,NaN,NaN,NaN,0.54,1.60
743,2012,12,0.291,1.090,0.451,0.356,NaN,NaN,NaN,NaN,NaN,NaN,0.54,1.60
744,2013,1,0.997,1.085,0.482,0.380,NaN,NaN,NaN,NaN,NaN,NaN,0.54,1.60
745,2013,2,1.129,1.476,0.495,0.420,NaN,NaN,NaN,NaN,NaN,NaN,0.54,1.60
746,2013,3,0.889,1.310,NaN,NaN,NaN,NaN,NaN,NaN,NaN,NaN,0.54,1.60
747,2013,4,0.260,0.776,NaN,NaN,NaN,NaN,NaN,NaN,NaN,NaN,0.54,1.60
748,2013,5,-0.349,1.054,NaN,NaN,NaN,NaN,NaN,NaN,NaN,NaN,0.54,1.60
749,2013,6,0.125,1.082,NaN,NaN,NaN,NaN,NaN,NaN,NaN,NaN,0.54,1.60
750,2013,7,0.516,1.197,NaN,NaN,NaN,NaN,NaN,NaN,NaN,NaN,0.54,1.60
751,2013,8,0.481,1.350,NaN,NaN,NaN,NaN,NaN,NaN,NaN,NaN,0.54,1.60
